Time,Phuong,year,month,quarter,month_sin,month_cos,GiaTri_log,GiaTri,GiaTri_log_lag1,GiaTri_log_lag2,GiaTri_log_lag3,GiaTri_log_roll3,GiaTri_log_roll6
2021-07-01, Phường Bến Nghé,2021,7,3,-0.4999999999999997,-0.8660254037844388,20.45436704499656,764220596.010854,20.478504450411346,20.368065205894716,20.346183079478198,20.397584245261424,20.440124417269526
2021-08-01, Phường Bến Nghé,2021,8,3,-0.8660254037844384,-0.5000000000000004,20.873333214502058,1161912525.9168918,20.45436704499656,20.478504450411346,20.368065205894716,20.43364556710087,20.439238921616788
2021-09-01, Phường Bến Nghé,2021,9,3,-1.0,-1.8369701987210297e-16,20.428921492444687,745019902.7610086,20.873333214502058,20.45436704499656,20.478504450411346,20.602068236636654,20.482155027735224
2021-10-01, Phường Bến Nghé,2021,10,4,-0.8660254037844386,0.5000000000000001,20.378368680443597,708293192.071205,20.428921492444687,20.873333214502058,20.45436704499656,20.5855405839811,20.49156241462126
2021-11-01, Phường Bến Nghé,2021,11,4,-0.5000000000000004,0.8660254037844384,20.58837778331931,873813725.490196,20.378368680443597,20.428921492444687,20.873333214502058,20.56020779579678,20.496926681448826
2021-12-01, Phường Bến Nghé,2021,12,4,-2.4492935982947064e-16,1.0,20.45192238760689,762354620.2460645,20.58837778331931,20.378368680443597,20.428921492444687,20.465222652069198,20.533645444352924
2022-01-01, Phường Bến Nghé,2022,1,1,0.49999999999999994,0.8660254037844387,19.856977636575685,420509502.070311,20.45192238760689,20.58837778331931,20.378368680443597,20.472889617123265,20.529215100552182
2022-02-01, Phường Bến Nghé,2022,2,1,0.8660254037844386,0.5000000000000001,20.743159518820182,1020092878.897649,19.856977636575685,20.45192238760689,20.58837778331931,20.29909260250063,20.429650199148703
2022-03-01, Phường Bến Nghé,2022,3,1,1.0,6.123233995736766e-17,20.24468825783235,619664187.5098242,20.743159518820182,19.856977636575685,20.45192238760689,20.350686514334253,20.407954583201725
2022-04-01, Phường Bến Nghé,2022,4,2,0.8660254037844387,-0.4999999999999998,20.480911387675643,784777963.2713445,20.24468825783235,20.743159518820182,19.856977636575685,20.281608471076073,20.377249044099667
2022-05-01, Phường Bến Nghé,2022,5,2,0.49999999999999994,-0.8660254037844387,20.48437648703619,787502013.7206279,20.480911387675643,20.24468825783235,20.743159518820182,20.48958638810939,20.394339495305008
2022-06-01, Phường Bến Nghé,2022,6,2,1.2246467991473532e-16,-1.0,20.30992402691599,661436157.6707811,20.48437648703619,20.480911387675643,20.24468825783235,20.40332537751473,20.37700594592449
2022-07-01, Phường Bến Nghé,2022,7,3,-0.4999999999999997,-0.8660254037844388,20.272977806337757,637444520.6439621,20.30992402691599,20.48437648703619,20.480911387675643,20.425070633875944,20.353339552476008
2022-08-01, Phường Bến Nghé,2022,8,3,-0.8660254037844384,-0.5000000000000004,20.43035605752428,746089449.2821668,20.272977806337757,20.30992402691599,20.48437648703619,20.355759440096644,20.422672914103018
2022-09-01, Phường Bến Nghé,2022,9,3,-1.0,-1.8369701987210297e-16,20.59181918370632,876826048.7189058,20.43035605752428,20.272977806337757,20.30992402691599,20.33775263025934,20.370539003887036
2022-10-01, Phường Bến Nghé,2022,10,4,-0.8660254037844386,0.5000000000000001,20.524409577479563,819667703.3384436,20.59181918370632,20.43035605752428,20.272977806337757,20.431717682522784,20.428394158199364
2022-11-01, Phường Bến Nghé,2022,11,4,-0.5000000000000004,0.8660254037844384,20.411484010628666,732141243.7560053,20.524409577479563,20.59181918370632,20.43035605752428,20.515528272903385,20.43564385650002
2022-12-01, Phường Bến Nghé,2022,12,4,-2.4492935982947064e-16,1.0,20.83072323641637,1113443425.4560444,20.411484010628666,20.524409577479563,20.59181918370632,20.50923759060485,20.423495110432096
2023-01-01, Phường Bến Nghé,2023,1,1,0.49999999999999994,0.8660254037844387,20.680631756183658,958261971.410734,20.83072323641637,20.411484010628666,20.524409577479563,20.588872274841535,20.510294978682158
2023-02-01, Phường Bến Nghé,2023,2,1,0.8660254037844386,0.5000000000000001,20.778961368021,1057275726.121706,20.680631756183658,20.83072323641637,20.411484010628666,20.640946334409566,20.578237303656476
2023-03-01, Phường Bến Nghé,2023,3,1,1.0,6.123233995736766e-17,20.15818252471299,568312796.3767458,20.778961368021,20.680631756183658,20.83072323641637,20.763438786873678,20.636338188739263
2023-04-01, Phường Bến Nghé,2023,4,2,0.8660254037844387,-0.4999999999999998,20.638395535165603,918631420.534822,20.15818252471299,20.778961368021,20.680631756183658,20.539258549639214,20.564065412240378
2023-05-01, Phường Bến Nghé,2023,5,2,0.49999999999999994,-0.8660254037844387,20.198804370976383,591874021.8576584,20.638395535165603,20.15818252471299,20.778961368021,20.525179809299864,20.583063071854713
2023-06-01, Phường Bến Nghé,2023,6,2,1.2246467991473532e-16,-1.0,20.161075663915145,569959385.1666802,20.198804370976383,20.638395535165603,20.15818252471299,20.33179414361833,20.547616465245998
2023-07-01, Phường Bến Nghé,2023,7,3,-0.4999999999999997,-0.8660254037844388,20.605110988038803,888558448.6557842,20.161075663915145,20.198804370976383,20.638395535165603,20.33275852335238,20.436008536495798
2023-08-01, Phường Bến Nghé,2023,8,3,-0.8660254037844384,-0.5000000000000004,20.06934360726414,520002202.6213543,20.605110988038803,20.161075663915145,20.198804370976383,20.321663674310113,20.42342174180499
2023-09-01, Phường Bến Nghé,2023,9,3,-1.0,-1.8369701987210297e-16,20.40802185477045,729610839.5109352,20.06934360726414,20.605110988038803,20.161075663915145,20.27851008640603,20.305152115012177
2023-10-01, Phường Bến Nghé,2023,10,4,-0.8660254037844386,0.5000000000000001,20.299023353824083,654265213.4005216,20.40802185477045,20.06934360726414,20.605110988038803,20.3608254833578,20.346792003355088
2023-11-01, Phường Bến Nghé,2023,11,4,-0.5000000000000004,0.8660254037844384,20.706399078001404,983274687.4640088,20.299023353824083,20.40802185477045,20.06934360726414,20.258796271952892,20.2902299731315
2023-12-01, Phường Bến Nghé,2023,12,4,-2.4492935982947064e-16,1.0,20.55525257981932,845342626.795722,20.706399078001404,20.299023353824083,20.40802185477045,20.471148095531976,20.374829090969005
2024-01-01, Phường Bến Nghé,2024,1,1,0.49999999999999994,0.8660254037844387,20.299774794903303,654757039.9255114,20.55525257981932,20.706399078001404,20.299023353824083,20.520225003881603,20.4405252436197
2024-02-01, Phường Bến Nghé,2024,2,1,0.8660254037844386,0.5000000000000001,20.571782000590716,859431772.7101543,20.299774794903303,20.55525257981932,20.706399078001404,20.52047548424134,20.389635878097117
2024-03-01, Phường Bến Nghé,2024,3,1,1.0,6.123233995736766e-17,20.582657373026255,868829422.1767677,20.571782000590716,20.299774794903303,20.55525257981932,20.475603125104445,20.47337561031821
2024-04-01, Phường Bến Nghé,2024,4,2,0.8660254037844387,-0.4999999999999998,20.488996204263753,791148466.6503328,20.582657373026255,20.571782000590716,20.299774794903303,20.484738056173423,20.502481530027513
2024-05-01, Phường Bến Nghé,2024,5,2,0.49999999999999994,-0.8660254037844387,24.16219460920395,31153567720.096325,20.488996204263753,20.582657373026255,20.571782000590716,20.547811859293574,20.53414367176746
2024-06-01, Phường Bến Nghé,2024,6,2,1.2246467991473532e-16,-1.0,20.692157003287456,969370066.2435366,24.16219460920395,20.488996204263753,20.582657373026255,21.744616062164653,21.11010959363455
2024-07-01, Phường Bến Nghé,2024,7,3,-0.4999999999999997,-0.8660254037844388,20.57940151160802,866005234.0562371,20.692157003287456,24.16219460920395,20.488996204263753,21.781115938918386,21.132926997545905
2024-08-01, Phường Bến Nghé,2024,8,3,-0.8660254037844384,-0.5000000000000004,20.411908942298826,732452419.8675427,20.57940151160802,20.692157003287456,24.16219460920395,21.811251041366475,21.179531450330025
2024-09-01, Phường Bến Nghé,2024,9,3,-1.0,-1.8369701987210297e-16,20.07513178683683,523020796.4078932,20.411908942298826,20.57940151160802,20.692157003287456,20.561155819064766,21.15288594061471
2024-10-01, Phường Bến Nghé,2024,10,4,-0.8660254037844386,0.5000000000000001,20.205053334072623,595584201.0973016,20.07513178683683,20.411908942298826,20.57940151160802,20.355480746914562,21.068298342916474
2024-11-01, Phường Bến Nghé,2024,11,4,-0.5000000000000004,0.8660254037844384,20.00885891351787,489482325.2279635,20.205053334072623,20.07513178683683,20.411908942298826,20.230698021069426,21.02097453121795
2024-12-01, Phường Bến Nghé,2024,12,4,-2.4492935982947064e-16,1.0,20.874746416921436,1163555704.3094065,20.00885891351787,20.205053334072623,20.07513178683683,20.096348011475772,20.32875191527027
2025-01-01, Phường Bến Nghé,2025,1,1,0.49999999999999994,0.8660254037844387,21.001881169227662,1321298984.034833,20.874746416921436,20.00885891351787,20.205053334072623,20.362886221503974,20.359183484209268
2025-02-01, Phường Bến Nghé,2025,2,1,0.8660254037844386,0.5000000000000001,20.622082769291286,903767566.131318,21.001881169227662,20.874746416921436,20.00885891351787,20.628495499888988,20.429596760479207
2025-03-01, Phường Bến Nghé,2025,3,1,1.0,6.123233995736766e-17,17.499749657637988,39814814.81481481,20.622082769291286,21.001881169227662,20.874746416921436,20.83290345181346,20.464625731644617
2025-04-01, Phường Bến Nghé,2025,4,2,0.8660254037844387,-0.4999999999999998,20.174180302283187,577477651.2929214,17.499749657637988,20.622082769291286,21.001881169227662,19.70790453205231,20.035395376778144
2025-05-01, Phường Bến Nghé,2025,5,2,0.49999999999999994,-0.8660254037844387,20.433675720173575,748570330.1287345,20.174180302283187,17.499749657637988,20.622082769291286,19.43200424307082,20.030249871479906
2025-06-01, Phường Bến Nghé,2025,6,2,1.2246467991473532e-16,-1.0,20.710049470822113,986870585.554796,20.433675720173575,20.174180302283187,17.499749657637988,19.369201893364917,20.10105267258919
2025-07-01, Phường Bến Nghé,2025,7,3,-0.4999999999999997,-0.8660254037844388,20.800473568316942,1080266457.3181365,20.710049470822113,20.433675720173575,20.174180302283187,20.43930183109296,20.073603181572636
2025-08-01, Phường Bến Nghé,2025,8,3,-0.8660254037844384,-0.5000000000000004,24.438435761730442,41065564547.74093,20.800473568316942,20.710049470822113,20.433675720173575,20.648066253104208,20.040035248087516
2021-07-01, Phường Bến Thành,2021,7,3,-0.4999999999999997,-0.8660254037844388,20.163866636655044,571552348.2004881,20.210125263063944,20.19939218261061,20.16869948016862,20.19273897528106,20.172745468055616
2021-08-01, Phường Bến Thành,2021,8,3,-0.8660254037844384,-0.5000000000000004,20.71151943883583,988322320.4912608,20.163866636655044,20.210125263063944,20.19939218261061,20.1911280274432,20.163013979314638
2021-09-01, Phường Bến Thành,2021,9,3,-1.0,-1.8369701987210297e-16,20.25639675374538,626962163.9194998,20.71151943883583,20.163866636655044,20.210125263063944,20.361837112851603,20.2583830595342
2021-10-01, Phường Bến Thành,2021,10,4,-0.8660254037844386,0.5000000000000001,20.129954301117316,552494645.1689656,20.25639675374538,20.71151943883583,20.163866636655044,20.37726094307875,20.284999959179903
2021-11-01, Phường Bến Thành,2021,11,4,-0.5000000000000004,0.8660254037844384,20.439433857457253,752893134.5686165,20.129954301117316,20.25639675374538,20.71151943883583,20.365956831232843,20.27854242933802
2021-12-01, Phường Bến Thành,2021,12,4,-2.4492935982947064e-16,1.0,20.316855937653173,666037102.3263947,20.439433857457253,20.129954301117316,20.25639675374538,20.275261637439986,20.318549375145796
2022-01-01, Phường Bến Thành,2022,1,1,0.49999999999999994,0.8660254037844387,19.98743042091724,479105038.71001446,20.316855937653173,20.439433857457253,20.129954301117316,20.29541469874258,20.336337820910668
2022-02-01, Phường Bến Thành,2022,2,1,0.8660254037844386,0.5000000000000001,20.538445805448724,831253868.9053425,19.98743042091724,20.316855937653173,20.439433857457253,20.24790673867589,20.306931784954365
2022-03-01, Phường Bến Thành,2022,3,1,1.0,6.123233995736766e-17,20.038339926132185,504127577.5930537,20.538445805448724,19.98743042091724,20.316855937653173,20.280910721339712,20.27808617938985
2022-04-01, Phường Bến Thành,2022,4,2,0.8660254037844387,-0.4999999999999998,20.335894574482325,678839019.6891413,20.038339926132185,20.538445805448724,19.98743042091724,20.188072050832716,20.24174337478765
2022-05-01, Phường Bến Thành,2022,5,2,0.49999999999999994,-0.8660254037844387,20.565002028556247,853624557.9412254,20.335894574482325,20.038339926132185,20.538445805448724,20.304226768687744,20.276066753681818
2022-06-01, Phường Bến Thành,2022,6,2,1.2246467991473532e-16,-1.0,20.087054420953752,529293903.6827435,20.565002028556247,20.335894574482325,20.038339926132185,20.313078843056918,20.296994782198315
2022-07-01, Phường Bến Thành,2022,7,3,-0.4999999999999997,-0.8660254037844388,20.127435989923633,551105042.1778448,20.087054420953752,20.565002028556247,20.335894574482325,20.329317007997442,20.258694529415077
2022-08-01, Phường Bến Thành,2022,8,3,-0.8660254037844384,-0.5000000000000004,21.256941994360172,1705189344.0993447,20.127435989923633,20.087054420953752,20.565002028556247,20.259830813144543,20.282028790916144
2022-09-01, Phường Bến Thành,2022,9,3,-1.0,-1.8369701987210297e-16,20.272582986938886,637192894.8577541,21.256941994360172,20.127435989923633,20.087054420953752,20.49047746841252,20.401778155734718
2022-10-01, Phường Bến Thành,2022,10,4,-0.8660254037844386,0.5000000000000001,20.419348027880353,737921513.4166465,20.272582986938886,21.256941994360172,20.127435989923633,20.552320323740897,20.44081866586917
2022-11-01, Phường Bến Thành,2022,11,4,-0.5000000000000004,0.8660254037844384,20.28966581810455,648171459.0146801,20.419348027880353,20.272582986938886,21.256941994360172,20.649624336393135,20.45472757476884
2022-12-01, Phường Bến Thành,2022,12,4,-2.4492935982947064e-16,1.0,20.38489971241474,712934216.4025824,20.28966581810455,20.419348027880353,20.272582986938886,20.327198944307927,20.408838206360223
2023-01-01, Phường Bến Thành,2023,1,1,0.49999999999999994,0.8660254037844387,20.33907081770807,680998605.3991326,20.38489971241474,20.28966581810455,20.419348027880353,20.364637852799877,20.45847908827039
2023-02-01, Phường Bến Thành,2023,2,1,0.8660254037844386,0.5000000000000001,20.473254869929594,778792240.9969535,20.33907081770807,20.38489971241474,20.28966581810455,20.337878782742454,20.493751559567794
2023-03-01, Phường Bến Thành,2023,3,1,1.0,6.123233995736766e-17,20.327794195758475,673362377.9116046,20.473254869929594,20.33907081770807,20.38489971241474,20.399075133350802,20.363137038829365
2023-04-01, Phường Bến Thành,2023,4,2,0.8660254037844387,-0.4999999999999998,20.44956542995682,760559898.5617988,20.327794195758475,20.473254869929594,20.33907081770807,20.380039961132045,20.372338906965965
2023-05-01, Phường Bến Thành,2023,5,2,0.49999999999999994,-0.8660254037844387,20.24667423816157,620896051.2225934,20.44956542995682,20.327794195758475,20.473254869929594,20.416871498548293,20.377375140645373
2023-06-01, Phường Bến Thành,2023,6,2,1.2246467991473532e-16,-1.0,20.13967316352125,557890442.6484414,20.24667423816157,20.44956542995682,20.327794195758475,20.34134462129229,20.370209877321546
2023-07-01, Phường Bến Thành,2023,7,3,-0.4999999999999997,-0.8660254037844388,20.104118000966487,538403048.8678794,20.13967316352125,20.24667423816157,20.44956542995682,20.27863761054655,20.329338785839298
2023-08-01, Phường Bến Thành,2023,8,3,-0.8660254037844384,-0.5000000000000004,19.811200171099028,401693600.6807725,20.104118000966487,20.13967316352125,20.24667423816157,20.16348846754977,20.290179983049033
2023-09-01, Phường Bến Thành,2023,9,3,-1.0,-1.8369701987210297e-16,20.150987784646784,564238607.4632022,19.811200171099028,20.104118000966487,20.13967316352125,20.018330445195588,20.179837533243937
2023-10-01, Phường Bến Thành,2023,10,4,-0.8660254037844386,0.5000000000000001,20.003975024944914,487097576.2525279,20.150987784646784,19.811200171099028,20.104118000966487,20.022101985570767,20.15036979805866
2023-11-01, Phường Bến Thành,2023,11,4,-0.5000000000000004,0.8660254037844384,20.42683107020342,743464123.2685726,20.003975024944914,20.150987784646784,19.811200171099028,19.988720993563575,20.07610473055667
2023-12-01, Phường Bến Thành,2023,12,4,-2.4492935982947064e-16,1.0,20.238367790737723,615759971.6278592,20.42683107020342,20.003975024944914,20.150987784646784,20.193931293265038,20.106130869230313
2024-01-01, Phường Bến Thành,2024,1,1,0.49999999999999994,0.8660254037844387,20.034524731431553,502207897.0328387,20.238367790737723,20.42683107020342,20.003975024944914,20.223057961962017,20.122579973766392
2024-02-01, Phường Bến Thành,2024,2,1,0.8660254037844386,0.5000000000000001,20.06079945507198,515578151.4504896,20.034524731431553,20.238367790737723,20.42683107020342,20.233241197457566,20.11098109551057
2024-03-01, Phường Bến Thành,2024,3,1,1.0,6.123233995736766e-17,20.40865976401803,730076413.4944191,20.06079945507198,20.034524731431553,20.238367790737723,20.111230659080416,20.15258097617273
2024-04-01, Phường Bến Thành,2024,4,2,0.8660254037844387,-0.4999999999999998,20.30071862089596,655375308.3626252,20.40865976401803,20.06079945507198,20.034524731431553,20.167994650173853,20.195526306067936
2024-05-01, Phường Bến Thành,2024,5,2,0.49999999999999994,-0.8660254037844387,20.239896225424598,616701840.1377037,20.30071862089596,20.40865976401803,20.06079945507198,20.25672594666199,20.244983572059777
2024-06-01, Phường Bến Thành,2024,6,2,1.2246467991473532e-16,-1.0,20.578151644541784,864923518.774725,20.239896225424598,20.30071862089596,20.40865976401803,20.316424870112865,20.21382776459664
2024-07-01, Phường Bến Thành,2024,7,3,-0.4999999999999997,-0.8660254037844388,20.39990062376599,723709496.8502017,20.578151644541784,20.239896225424598,20.30071862089596,20.372922163620782,20.27045840689732
2024-08-01, Phường Bến Thành,2024,8,3,-0.8660254037844384,-0.5000000000000004,20.602029499716167,885824580.5238551,20.39990062376599,20.578151644541784,20.239896225424598,20.405982831244124,20.331354388953056
2024-09-01, Phường Bến Thành,2024,9,3,-1.0,-1.8369701987210297e-16,20.494626853400007,795615711.0266699,20.602029499716167,20.39990062376599,20.578151644541784,20.52669392267465,20.421559396393757
2024-10-01, Phường Bến Thành,2024,10,4,-0.8660254037844386,0.5000000000000001,20.18585809537284,584260845.111597,20.494626853400007,20.602029499716167,20.39990062376599,20.498852325627386,20.435887244624084
2024-11-01, Phường Bến Thành,2024,11,4,-0.5000000000000004,0.8660254037844384,20.042273693203253,506114603.748012,20.18585809537284,20.494626853400007,20.602029499716167,20.427504816163005,20.416743823703566
2024-12-01, Phường Bến Thành,2024,12,4,-2.4492935982947064e-16,1.0,20.21956559895449,604290498.0420885,20.042273693203253,20.18585809537284,20.494626853400007,20.240919547325365,20.383806735000007
2025-01-01, Phường Bến Thành,2025,1,1,0.49999999999999994,0.8660254037844387,20.597612714089014,881920710.8680792,20.21956559895449,20.042273693203253,20.18585809537284,20.149232462510195,20.324042394068794
2025-03-01, Phường Bến Thành,2025,3,1,1.0,6.123233995736766e-17,20.417557213881437,736601215.7951115,20.597612714089014,20.21956559895449,20.042273693203253,20.28648400208225,20.356994409122628
2025-04-01, Phường Bến Thành,2025,4,2,0.8660254037844387,-0.4999999999999998,20.353391919744034,690821424.8446631,20.417557213881437,20.597612714089014,20.21956559895449,20.41157850897498,20.326249028150173
2025-05-01, Phường Bến Thành,2025,5,2,0.49999999999999994,-0.8660254037844387,20.527599720856145,822286736.1603808,20.353391919744034,20.417557213881437,20.597612714089014,20.456187282571495,20.302709872540845
2025-06-01, Phường Bến Thành,2025,6,2,1.2246467991473532e-16,-1.0,20.1469814201327,561982584.1682266,20.527599720856145,20.353391919744034,20.417557213881437,20.432849618160542,20.359666810121396
2025-07-01, Phường Bến Thành,2025,7,3,-0.4999999999999997,-0.8660254037844388,20.47668440585536,781467722.1766496,20.1469814201327,20.527599720856145,20.353391919744034,20.34265768691096,20.37711809794297
2025-08-01, Phường Bến Thành,2025,8,3,-0.8660254037844384,-0.5000000000000004,20.50367169454899,802844571.4223944,20.47668440585536,20.1469814201327,20.527599720856145,20.3837551822814,20.419971232426448
2021-07-01, Phường Cô Giang,2021,7,3,-0.4999999999999997,-0.8660254037844388,19.712455958982247,363924125.0596356,19.795887809800345,19.475751148788657,19.45688837655485,19.576175778381284,19.479821928527112
2021-08-01, Phường Cô Giang,2021,8,3,-0.8660254037844384,-0.5000000000000004,19.98498845514085,477936507.936508,19.712455958982247,19.795887809800345,19.475751148788657,19.661364972523753,19.50540767927931
2021-09-01, Phường Cô Giang,2021,9,3,-1.0,-1.8369701987210297e-16,19.67045956223335,348957103.2776411,19.98498845514085,19.712455958982247,19.795887809800345,19.831110741307814,19.667980908423655
2021-10-01, Phường Cô Giang,2021,10,4,-0.8660254037844386,0.5000000000000001,19.471586281665786,286023999.0910985,19.67045956223335,19.98498845514085,19.712455958982247,19.789301325452147,19.682738551916717
2021-11-01, Phường Cô Giang,2021,11,4,-0.5000000000000004,0.8660254037844384,19.75703641874951,380515098.8650763,19.471586281665786,19.67045956223335,19.98498845514085,19.709011433013327,19.68518820276854
2021-12-01, Phường Cô Giang,2021,12,4,-2.4492935982947064e-16,1.0,19.65568542700982,343839461.28669965,19.75703641874951,19.471586281665786,19.67045956223335,19.633027420882883,19.73206908109535
2022-01-01, Phường Cô Giang,2022,1,1,0.49999999999999994,0.8660254037844387,19.4690637212915,285303395.5474654,19.65568542700982,19.75703641874951,19.471586281665786,19.628102709141704,19.70870201729693
2022-02-01, Phường Cô Giang,2022,2,1,0.8660254037844386,0.5000000000000001,19.732044545915358,371123163.74211246,19.4690637212915,19.65568542700982,19.75703641874951,19.62726185568361,19.66813664434847
2022-03-01, Phường Cô Giang,2022,3,1,1.0,6.123233995736766e-17,19.726042776869754,368902439.0243902,19.732044545915358,19.4690637212915,19.65568542700982,19.618931231405558,19.625979326144222
2022-04-01, Phường Cô Giang,2022,4,2,0.8660254037844387,-0.4999999999999998,19.84142784282655,414021242.3143057,19.726042776869754,19.732044545915358,19.4690637212915,19.642383681358872,19.63524319525029
2022-05-01, Phường Cô Giang,2022,5,2,0.49999999999999994,-0.8660254037844387,19.659151082038886,345033157.52328,19.84142784282655,19.726042776869754,19.732044545915358,19.76650505520389,19.69688345544375
2022-06-01, Phường Cô Giang,2022,6,2,1.2246467991473532e-16,-1.0,19.404689325359403,267515835.75207248,19.659151082038886,19.84142784282655,19.726042776869754,19.74220723391173,19.680569232658645
2022-07-01, Phường Cô Giang,2022,7,3,-0.4999999999999997,-0.8660254037844388,19.791972544774058,394043765.9703876,19.404689325359403,19.659151082038886,19.84142784282655,19.63508941674161,19.638736549050243
2022-08-01, Phường Cô Giang,2022,8,3,-0.8660254037844384,-0.5000000000000004,19.924593313210963,449925832.7295346,19.791972544774058,19.404689325359403,19.659151082038886,19.618604317390783,19.692554686297335
2022-09-01, Phường Cô Giang,2022,9,3,-1.0,-1.8369701987210297e-16,19.56038118664277,312583184.91425604,19.924593313210963,19.791972544774058,19.404689325359403,19.707085061114807,19.72464614751327
2022-10-01, Phường Cô Giang,2022,10,4,-0.8660254037844386,0.5000000000000001,19.551440554186275,309800949.5419728,19.56038118664277,19.924593313210963,19.791972544774058,19.758982348209262,19.697035882475436
2022-11-01, Phường Cô Giang,2022,11,4,-0.5000000000000004,0.8660254037844384,19.70360429643527,360717006.6084902,19.551440554186275,19.56038118664277,19.924593313210963,19.678805018013335,19.64870466770206
2022-12-01, Phường Cô Giang,2022,12,4,-2.4492935982947064e-16,1.0,19.794754807353545,395141625.7567998,19.70360429643527,19.551440554186275,19.56038118664277,19.60514201242144,19.65611353676812
2023-01-01, Phường Cô Giang,2023,1,1,0.49999999999999994,0.8660254037844387,19.935087705420706,454672393.4666208,19.794754807353545,19.70360429643527,19.551440554186275,19.683266552658363,19.721124450433813
2023-02-01, Phường Cô Giang,2023,2,1,0.8660254037844386,0.5000000000000001,20.10860459214042,540824070.2448446,19.935087705420706,19.794754807353545,19.70360429643527,19.811148936403175,19.744976977208257
2023-03-01, Phường Cô Giang,2023,3,1,1.0,6.123233995736766e-17,19.960506622862034,466377812.8150968,20.10860459214042,19.935087705420706,19.794754807353545,19.946149034971558,19.775645523696497
2023-04-01, Phường Cô Giang,2023,4,2,0.8660254037844387,-0.4999999999999998,19.77810645409472,388617625.9798782,19.960506622862034,20.10860459214042,19.935087705420706,20.001399640141056,19.84233309639971
2023-05-01, Phường Cô Giang,2023,5,2,0.49999999999999994,-0.8660254037844387,19.357151439892256,255096238.0323577,19.77810645409472,19.960506622862034,20.10860459214042,19.949072556365724,19.88011074638445
2023-06-01, Phường Cô Giang,2023,6,2,1.2246467991473532e-16,-1.0,18.97856417131468,174697098.34203708,19.357151439892256,19.77810645409472,19.960506622862034,19.698588172283,19.82236860362728
2023-07-01, Phường Cô Giang,2023,7,3,-0.4999999999999997,-0.8660254037844388,19.149344499665215,207230963.48206875,18.97856417131468,19.357151439892256,19.77810645409472,19.37127402176722,19.686336830954136
2023-08-01, Phường Cô Giang,2023,8,3,-0.8660254037844384,-0.5000000000000004,19.370765806535154,258592960.5812713,19.149344499665215,18.97856417131468,19.357151439892256,19.16168670362405,19.555379629994885
2023-09-01, Phường Cô Giang,2023,9,3,-1.0,-1.8369701987210297e-16,19.146293268247177,206599617.5335676,19.370765806535154,19.149344499665215,18.97856417131468,19.16622482583835,19.432406499060676
2023-10-01, Phường Cô Giang,2023,10,4,-0.8660254037844386,0.5000000000000001,19.821411779101645,405816553.4396434,19.146293268247177,19.370765806535154,19.149344499665215,19.222134524815846,19.296704273291535
2023-11-01, Phường Cô Giang,2023,11,4,-0.5000000000000004,0.8660254037844384,19.678964860674615,351937745.24917185,19.821411779101645,19.146293268247177,19.370765806535154,19.446156951294657,19.303921827459355
2023-12-01, Phường Cô Giang,2023,12,4,-2.4492935982947064e-16,1.0,19.59040918119064,322111777.4103643,19.678964860674615,19.821411779101645,19.146293268247177,19.548889969341147,19.357557397589748
2024-01-01, Phường Cô Giang,2024,1,1,0.49999999999999994,0.8660254037844387,20.03253557529781,501209920.0071743,19.59040918119064,19.678964860674615,19.821411779101645,19.696928606988966,19.45953156590241
2024-02-01, Phường Cô Giang,2024,2,1,0.8660254037844386,0.5000000000000001,19.887196736203695,433410872.7684526,20.03253557529781,19.59040918119064,19.678964860674615,19.76730320572102,19.60673007850784
2024-03-01, Phường Cô Giang,2024,3,1,1.0,6.123233995736766e-17,19.957891994765227,465160001.0355917,19.887196736203695,20.03253557529781,19.59040918119064,19.836713830897384,19.692801900119264
2024-04-01, Phường Cô Giang,2024,4,2,0.8660254037844387,-0.4999999999999998,19.898902983623564,438514300.4051438,19.957891994765227,19.887196736203695,20.03253557529781,19.959208102088912,19.82806835453894
2024-05-01, Phường Cô Giang,2024,5,2,0.49999999999999994,-0.8660254037844387,19.67971101215251,352200442.1123018,19.898902983623564,19.957891994765227,19.887196736203695,19.914663904864163,19.840983555292592
2024-06-01, Phường Cô Giang,2024,6,2,1.2246467991473532e-16,-1.0,19.77604669884862,387817992.5912236,19.67971101215251,19.898902983623564,19.957891994765227,19.8455019968471,19.841107913872243
2024-07-01, Phường Cô Giang,2024,7,3,-0.4999999999999997,-0.8660254037844388,19.380917402070644,261231461.57385287,19.77604669884862,19.67971101215251,19.898902983623564,19.78488689820823,19.87204750014857
2024-08-01, Phường Cô Giang,2024,8,3,-0.8660254037844384,-0.5000000000000004,20.0057056731733,487941300.6961668,19.380917402070644,19.77604669884862,19.67971101215251,19.612225037690592,19.763444471277378
2024-10-01, Phường Cô Giang,2024,10,4,-0.8660254037844386,0.5000000000000001,19.410704074739705,269129725.17008793,20.0057056731733,19.380917402070644,19.77604669884862,19.72088992469752,19.78319596077231
2024-11-01, Phường Cô Giang,2024,11,4,-0.5000000000000004,0.8660254037844384,19.806975107572256,400000000.0,19.410704074739705,20.0057056731733,19.380917402070644,19.59910904999455,19.69199797410139
2024-12-01, Phường Cô Giang,2024,12,4,-2.4492935982947064e-16,1.0,19.038116108169874,185416666.6666667,19.806975107572256,19.410704074739705,20.0057056731733,19.741128285161754,19.67667666142617
2025-01-01, Phường Cô Giang,2025,1,1,0.49999999999999994,0.8660254037844387,20.169880600500754,575000000.0,19.038116108169874,19.806975107572256,19.410704074739705,19.41859843016061,19.569744177429065
2025-04-01, Phường Cô Giang,2025,4,2,0.8660254037844387,-0.4999999999999998,19.945488848950568,459426185.8822853,20.169880600500754,19.038116108169874,19.806975107572256,19.67165727208096,19.635383161037755
2025-05-01, Phường Cô Giang,2025,5,2,0.49999999999999994,-0.8660254037844387,19.90170849938698,439746286.5604363,19.945488848950568,20.169880600500754,19.038116108169874,19.717828519207064,19.72947840218441
2025-06-01, Phường Cô Giang,2025,6,2,1.2246467991473532e-16,-1.0,19.56759861341034,314847392.2137785,19.90170849938698,19.945488848950568,20.169880600500754,20.00569264961277,19.712145539886688
2025-07-01, Phường Cô Giang,2025,7,3,-0.4999999999999997,-0.8660254037844388,20.1594919618394,569057453.6876081,19.56759861341034,19.90170849938698,19.945488848950568,19.804931987249294,19.73829462966513
2025-08-01, Phường Cô Giang,2025,8,3,-0.8660254037844384,-0.5000000000000004,20.121607774672245,547902425.1962086,20.1594919618394,19.56759861341034,19.90170849938698,19.876266358212238,19.797047438709654
2021-07-01, Phường Cầu Kho,2021,7,3,-0.4999999999999997,-0.8660254037844388,19.58282953888556,319679514.8325703,19.704490033481562,19.478736613032467,19.48831633631762,19.557180994277218,19.44565903531829
2021-08-01, Phường Cầu Kho,2021,8,3,-0.8660254037844384,-0.5000000000000004,19.498360266540832,293785440.05378485,19.58282953888556,19.704490033481562,19.478736613032467,19.588685395133197,19.48308250656713
2021-09-01, Phường Cầu Kho,2021,9,3,-1.0,-1.8369701987210297e-16,19.577536450860876,317991893.3203298,19.498360266540832,19.58282953888556,19.704490033481562,19.595226612969316,19.52826293017448
2021-10-01, Phường Cầu Kho,2021,10,4,-0.8660254037844386,0.5000000000000001,19.458114408369592,282196559.2813835,19.577536450860876,19.498360266540832,19.58282953888556,19.552908752095757,19.555044873186485
2021-11-01, Phường Cầu Kho,2021,11,4,-0.5000000000000004,0.8660254037844384,19.43456243224564,275627928.3801874,19.458114408369592,19.577536450860876,19.498360266540832,19.511337041923767,19.550011218528482
2021-12-01, Phường Cầu Kho,2021,12,4,-2.4492935982947064e-16,1.0,19.568044302659768,314987747.58726144,19.43456243224564,19.458114408369592,19.577536450860876,19.490071097158705,19.542648855064012
2022-01-01, Phường Cầu Kho,2022,1,1,0.49999999999999994,0.8660254037844387,19.30379615183911,241842234.4350661,19.568044302659768,19.43456243224564,19.458114408369592,19.486907047758333,19.519907899927045
2022-02-01, Phường Cầu Kho,2022,2,1,0.8660254037844386,0.5000000000000001,19.78510162284885,391345602.0641104,19.30379615183911,19.568044302659768,19.43456243224564,19.43546762891484,19.473402335419305
2022-03-01, Phường Cầu Kho,2022,3,1,1.0,6.123233995736766e-17,19.56730281142963,314754273.5042735,19.78510162284885,19.30379615183911,19.568044302659768,19.552314025782575,19.521192561470638
2022-04-01, Phường Cầu Kho,2022,4,2,0.8660254037844387,-0.4999999999999998,19.586453180654004,320840020.2367236,19.56730281142963,19.78510162284885,19.30379615183911,19.552066862039197,19.519486954898763
2022-05-01, Phường Cầu Kho,2022,5,2,0.49999999999999994,-0.8660254037844387,19.28364952614324,237018681.74573165,19.586453180654004,19.56730281142963,19.78510162284885,19.646285871644164,19.540876750279498
2022-06-01, Phường Cầu Kho,2022,6,2,1.2246467991473532e-16,-1.0,19.208061560190732,219763286.7307643,19.28364952614324,19.586453180654004,19.56730281142963,19.479135172742293,19.51572459926243
2022-07-01, Phường Cầu Kho,2022,7,3,-0.4999999999999997,-0.8660254037844388,19.233588315584683,225445344.1262901,19.208061560190732,19.28364952614324,19.586453180654004,19.35938808899599,19.455727475517595
2022-08-01, Phường Cầu Kho,2022,8,3,-0.8660254037844384,-0.5000000000000004,19.628611357742532,334655216.3116764,19.233588315584683,19.208061560190732,19.28364952614324,19.241766467306217,19.44402616947519
2022-09-01, Phường Cầu Kho,2022,9,3,-1.0,-1.8369701987210297e-16,19.314973429991618,244560535.6740003,19.628611357742532,19.233588315584683,19.208061560190732,19.356753744505983,19.417944458624138
2022-10-01, Phường Cầu Kho,2022,10,4,-0.8660254037844386,0.5000000000000001,19.343609437904608,251665009.54423627,19.314973429991618,19.628611357742532,19.233588315584683,19.39239103443961,19.375889561717802
2022-11-01, Phường Cầu Kho,2022,11,4,-0.5000000000000004,0.8660254037844384,19.376770074340286,260150292.61578324,19.343609437904608,19.314973429991618,19.628611357742532,19.429064741879586,19.335415604592903
2022-12-01, Phường Cầu Kho,2022,12,4,-2.4492935982947064e-16,1.0,19.30350916850716,241772839.7025764,19.376770074340286,19.343609437904608,19.314973429991618,19.34511764741217,19.350935695959077
2023-01-01, Phường Cầu Kho,2023,1,1,0.49999999999999994,0.8660254037844387,19.46992724054073,285549866.92332774,19.30350916850716,19.376770074340286,19.343609437904608,19.34129622691735,19.366843630678478
2023-02-01, Phường Cầu Kho,2023,2,1,0.8660254037844386,0.5000000000000001,19.567263488989017,314741896.8413483,19.46992724054073,19.30350916850716,19.376770074340286,19.383402161129393,19.406233451504487
2023-03-01, Phường Cầu Kho,2023,3,1,1.0,6.123233995736766e-17,19.408504339317446,268538361.63836163,19.567263488989017,19.46992724054073,19.30350916850716,19.446899966012303,19.396008806712235
2023-04-01, Phường Cầu Kho,2023,4,2,0.8660254037844387,-0.4999999999999998,18.957055923059663,170979789.463677,19.408504339317446,19.567263488989017,19.46992724054073,19.481898356282397,19.411597291599872
2023-05-01, Phường Cầu Kho,2023,5,2,0.49999999999999994,-0.8660254037844387,19.174769236336186,212567306.28379056,18.957055923059663,19.408504339317446,19.567263488989017,19.310941250455375,19.34717170579238
2023-06-01, Phường Cầu Kho,2023,6,2,1.2246467991473532e-16,-1.0,18.6047688261521,120212169.39571556,19.174769236336186,18.957055923059663,19.408504339317446,19.18010983290443,19.313504899458366
2023-07-01, Phường Cầu Kho,2023,7,3,-0.4999999999999997,-0.8660254037844388,21.484261298965546,2140405852.0690467,18.6047688261521,19.174769236336186,18.957055923059663,18.912197995182648,19.197048175732522
2023-08-01, Phường Cầu Kho,2023,8,3,-0.8660254037844384,-0.5000000000000004,18.954184072566743,170489465.47374722,21.484261298965546,18.6047688261521,19.174769236336186,19.754599787151278,19.532770518803325
2023-09-01, Phường Cầu Kho,2023,9,3,-1.0,-1.8369701987210297e-16,18.572426369945926,116386413.19895951,18.954184072566743,21.484261298965546,18.6047688261521,19.681071399228127,19.43059061606628
2023-10-01, Phường Cầu Kho,2023,10,4,-0.8660254037844386,0.5000000000000001,19.10599936054742,198440398.88682747,18.572426369945926,18.954184072566743,21.484261298965546,19.670290580492736,19.291244287837696
2023-11-01, Phường Cầu Kho,2023,11,4,-0.5000000000000004,0.8660254037844384,19.596584385768555,324107037.7689943,19.10599936054742,18.572426369945926,18.954184072566743,18.87753660102003,19.316068194085652
2023-12-01, Phường Cầu Kho,2023,12,4,-2.4492935982947064e-16,1.0,19.42299966545632,272459261.4937732,19.596584385768555,19.10599936054742,18.572426369945926,19.091670038753964,19.38637071899105
2024-01-01, Phường Cầu Kho,2024,1,1,0.49999999999999994,0.8660254037844387,19.247046026974736,228499829.6075752,19.42299966545632,19.596584385768555,19.10599936054742,19.375194470590763,19.522742525541755
2024-02-01, Phường Cầu Kho,2024,2,1,0.8660254037844386,0.5000000000000001,19.330173242469538,248306204.58894563,19.247046026974736,19.42299966545632,19.596584385768555,19.422210026066537,19.149873313543285
2024-03-01, Phường Cầu Kho,2024,3,1,1.0,6.123233995736766e-17,18.69194521141177,131162189.58323552,19.330173242469538,19.247046026974736,19.42299966545632,19.333406311633535,19.21253817519375
2024-04-01, Phường Cầu Kho,2024,4,2,0.8660254037844387,-0.4999999999999998,19.405859254332935,267828993.43076867,18.69194521141177,19.330173242469538,19.247046026974736,19.089721493618683,19.232457982104723
2024-05-01, Phường Cầu Kho,2024,5,2,0.49999999999999994,-0.8660254037844387,19.38367167824312,261951956.9328458,19.405859254332935,18.69194521141177,19.330173242469538,19.142659236071413,19.282434631068977
2024-06-01, Phường Cầu Kho,2024,6,2,1.2246467991473532e-16,-1.0,19.493187372565625,292269643.02449304,19.38367167824312,19.405859254332935,18.69194521141177,19.16049204799594,19.246949179814738
2024-07-01, Phường Cầu Kho,2024,7,3,-0.4999999999999997,-0.8660254037844388,19.774122151526765,387072336.26588464,19.493187372565625,19.38367167824312,19.405859254332935,19.42757276838056,19.258647130999623
2024-08-01, Phường Cầu Kho,2024,8,3,-0.8660254037844384,-0.5000000000000004,19.542378845180274,307006304.7308012,19.774122151526765,19.493187372565625,19.38367167824312,19.55032706744517,19.346493151758292
2024-09-01, Phường Cầu Kho,2024,9,3,-1.0,-1.8369701987210297e-16,19.363137584572783,256627860.71046883,19.542378845180274,19.774122151526765,19.493187372565625,19.60322945642422,19.38186075221008
2024-10-01, Phường Cầu Kho,2024,10,4,-0.8660254037844386,0.5000000000000001,18.950138725755586,169801169.59064326,19.363137584572783,19.542378845180274,19.774122151526765,19.559879527093273,19.49372614773692
2024-12-01, Phường Cầu Kho,2024,12,4,-2.4492935982947064e-16,1.0,19.17472794810891,212558529.93767685,18.950138725755586,19.363137584572783,19.542378845180274,19.285218385169546,19.41777272630736
2025-01-01, Phường Cầu Kho,2025,1,1,0.49999999999999994,0.8660254037844387,19.32334368838033,246616161.6161616,19.17472794810891,18.950138725755586,19.363137584572783,19.16266808614576,19.38294877128499
2025-04-01, Phường Cầu Kho,2025,4,2,0.8660254037844387,-0.4999999999999998,19.861169054511873,422275732.0620925,19.32334368838033,19.17472794810891,18.950138725755586,19.14940345408161,19.35464149058744
2025-05-01, Phường Cầu Kho,2025,5,2,0.49999999999999994,-0.8660254037844387,18.632055060165424,123537467.93018048,19.861169054511873,19.32334368838033,19.17472794810891,19.453080230333708,19.369149307751623
2025-06-01, Phường Cầu Kho,2025,6,2,1.2246467991473532e-16,-1.0,19.083678539555237,194060113.88235256,18.632055060165424,19.861169054511873,19.32334368838033,19.272189267685878,19.21742867691582
2025-07-01, Phường Cầu Kho,2025,7,3,-0.4999999999999997,-0.8660254037844388,19.629325819361835,334894400.0537724,19.083678539555237,18.632055060165424,19.861169054511873,19.192300884744178,19.170852169412893
2025-08-01, Phường Cầu Kho,2025,8,3,-0.8660254037844384,-0.5000000000000004,19.571187208260852,315979281.67940944,19.629325819361835,19.083678539555237,18.632055060165424,19.115019806360834,19.28405001834727
2021-08-01, Phường Cầu Ông Lãnh,2021,8,3,-0.8660254037844384,-0.5000000000000004,19.733960749015232,371834992.8876245,19.810980972343565,19.916030652675467,19.919296870852616,19.882102831957216,19.84071426019383
2021-09-01, Phường Cầu Ông Lãnh,2021,9,3,-1.0,-1.8369701987210297e-16,19.775821671198905,387730732.6379288,19.733960749015232,19.810980972343565,19.916030652675467,19.820324124678088,19.85062326936374
2021-10-01, Phường Cầu Ông Lãnh,2021,10,4,-0.8660254037844386,0.5000000000000001,19.718321672721014,366065072.7603462,19.775821671198905,19.733960749015232,19.810980972343565,19.773587797519234,19.82382049382684
2021-12-01, Phường Cầu Ông Lãnh,2021,12,4,-2.4492935982947064e-16,1.0,20.005721858186075,487949198.0962792,19.718321672721014,19.775821671198905,19.733960749015232,19.742701364311717,19.812402098134466
2022-01-01, Phường Cầu Ông Lãnh,2022,1,1,0.49999999999999994,0.8660254037844387,19.380075118212538,261011523.16798452,20.005721858186075,19.718321672721014,19.775821671198905,19.833288400702,19.826806262690045
2022-02-01, Phường Cầu Ông Lãnh,2022,2,1,0.8660254037844386,0.5000000000000001,20.01215064455811,491096224.19824296,19.380075118212538,20.005721858186075,19.718321672721014,19.701372883039877,19.737480340279554
2022-03-01, Phường Cầu Ông Lãnh,2022,3,1,1.0,6.123233995736766e-17,20.310420623051737,661764705.882353,20.01215064455811,19.380075118212538,20.005721858186075,19.799315873652237,19.77100861898198
2022-04-01, Phường Cầu Ông Lãnh,2022,4,2,0.8660254037844387,-0.4999999999999998,20.323800989546942,670678864.5544991,20.310420623051737,20.01215064455811,19.380075118212538,19.90088212860746,19.86708526465473
2022-05-01, Phường Cầu Ông Lãnh,2022,5,2,0.49999999999999994,-0.8660254037844387,19.77823624174071,388668067.0201164,20.323800989546942,20.310420623051737,20.01215064455811,20.21545741905226,19.95841515104607
2022-06-01, Phường Cầu Ông Lãnh,2022,6,2,1.2246467991473532e-16,-1.0,19.59930788799465,324990947.1287662,19.77823624174071,20.323800989546942,20.310420623051737,20.137485951446465,19.968400912549352
2022-07-01, Phường Cầu Ông Lãnh,2022,7,3,-0.4999999999999997,-0.8660254037844388,19.491884044981237,291888968.0613332,19.59930788799465,19.77823624174071,20.323800989546942,19.900448373094104,19.900665250850782
2022-08-01, Phường Cầu Ông Lãnh,2022,8,3,-0.8660254037844384,-0.5000000000000004,19.97446085334158,472931374.9353405,19.491884044981237,19.59930788799465,19.77823624174071,19.623142724905534,19.9193000719789
2022-09-01, Phường Cầu Ông Lãnh,2022,9,3,-1.0,-1.8369701987210297e-16,19.551374880676708,309780604.4943562,19.97446085334158,19.491884044981237,19.59930788799465,19.68855092877249,19.91301844010948
2022-10-01, Phường Cầu Ông Lãnh,2022,10,4,-0.8660254037844386,0.5000000000000001,19.57838562268718,318262037.7612704,19.551374880676708,19.97446085334158,19.491884044981237,19.672573259666507,19.786510816380304
2022-11-01, Phường Cầu Ông Lãnh,2022,11,4,-0.5000000000000004,0.8660254037844384,19.874286938465485,427851587.8826029,19.57838562268718,19.551374880676708,19.97446085334158,19.701407118901823,19.662274921903677
2022-12-01, Phường Cầu Ông Lãnh,2022,12,4,-2.4492935982947064e-16,1.0,19.88604918802376,432913798.17216855,19.874286938465485,19.57838562268718,19.551374880676708,19.668015813943125,19.678283371357807
2023-01-01, Phường Cầu Ông Lãnh,2023,1,1,0.49999999999999994,0.8660254037844387,19.858818135696282,421284162.1027928,19.88604918802376,19.874286938465485,19.57838562268718,19.779573916392142,19.726073588029326
2023-02-01, Phường Cầu Ông Lãnh,2023,2,1,0.8660254037844386,0.5000000000000001,19.624574359039336,333306936.96547353,19.858818135696282,19.88604918802376,19.874286938465485,19.873051420728512,19.787229269815167
2023-03-01, Phường Cầu Ông Lãnh,2023,3,1,1.0,6.123233995736766e-17,19.85623282981362,420196420.35607344,19.624574359039336,19.858818135696282,19.88604918802376,19.789813894253125,19.728914854098125
2023-04-01, Phường Cầu Ông Lãnh,2023,4,2,0.8660254037844387,-0.4999999999999998,19.457613107307697,282055129.2985134,19.85623282981362,19.624574359039336,19.858818135696282,19.779875108183077,19.77972451228761
2023-05-01, Phường Cầu Ông Lãnh,2023,5,2,0.49999999999999994,-0.8660254037844387,18.599747124524775,119610012.93446136,19.457613107307697,19.85623282981362,19.624574359039336,19.646140098720217,19.759595759724366
2023-06-01, Phường Cầu Ông Lãnh,2023,6,2,1.2246467991473532e-16,-1.0,17.996259658330075,65414836.14321256,18.599747124524775,19.457613107307697,19.85623282981362,19.304531020548698,19.54717245740091
2023-07-01, Phường Cầu Ông Lãnh,2023,7,3,-0.4999999999999997,-0.8660254037844388,19.44513502257372,278557488.7928195,17.996259658330075,18.599747124524775,19.457613107307697,18.684539963387518,19.232207535785296
2023-08-01, Phường Cầu Ông Lãnh,2023,8,3,-0.8660254037844384,-0.5000000000000004,19.433638079709013,275373268.72028345,19.44513502257372,17.996259658330075,18.599747124524775,18.68038060180952,19.16326035026487
2023-09-01, Phường Cầu Ông Lãnh,2023,9,3,-1.0,-1.8369701987210297e-16,19.123492303605776,201942245.00236228,19.433638079709013,19.44513502257372,17.996259658330075,18.958344253537604,19.131437637043152
2023-10-01, Phường Cầu Ông Lãnh,2023,10,4,-0.8660254037844386,0.5000000000000001,19.149838366858496,207333333.3333333,19.123492303605776,19.433638079709013,19.44513502257372,19.334088468629503,19.00931421600851
2023-11-01, Phường Cầu Ông Lãnh,2023,11,4,-0.5000000000000004,0.8660254037844384,19.91851239780068,447198173.5313204,19.149838366858496,19.123492303605776,19.433638079709013,19.23565625005776,18.95801842593364
2023-12-01, Phường Cầu Ông Lãnh,2023,12,4,-2.4492935982947064e-16,1.0,19.71747043837303,365753598.1837016,19.91851239780068,19.149838366858496,19.123492303605776,19.397281022754985,19.177812638146293
2024-01-01, Phường Cầu Ông Lãnh,2024,1,1,0.49999999999999994,0.8660254037844387,19.43902746607937,276861368.0360801,19.71747043837303,19.91851239780068,19.149838366858496,19.59527373434407,19.464681101486786
2024-02-01, Phường Cầu Ông Lãnh,2024,2,1,0.8660254037844386,0.5000000000000001,19.994540068568558,482523444.1602728,19.43902746607937,19.71747043837303,19.91851239780068,19.691670100751026,19.463663175404395
2024-03-01, Phường Cầu Ông Lãnh,2024,3,1,1.0,6.123233995736766e-17,20.264757630527818,632226092.1912625,19.994540068568558,19.43902746607937,19.71747043837303,19.717012657673653,19.55714684021432
2024-04-01, Phường Cầu Ông Lãnh,2024,4,2,0.8660254037844387,-0.4999999999999998,19.62169898395629,332349931.0359025,20.264757630527818,19.994540068568558,19.43902746607937,19.89944172172525,19.74735772803466
2024-05-01, Phường Cầu Ông Lãnh,2024,5,2,0.49999999999999994,-0.8660254037844387,19.923159496777437,449281183.93972045,19.62169898395629,20.264757630527818,19.994540068568558,19.960332227684223,19.826001164217626
2024-06-01, Phường Cầu Ông Lãnh,2024,6,2,1.2246467991473532e-16,-1.0,19.99729411280516,483854166.6666667,19.923159496777437,19.62169898395629,20.264757630527818,19.93653870375385,19.82677568071375
2024-07-01, Phường Cầu Ông Lãnh,2024,7,3,-0.4999999999999997,-0.8660254037844388,20.048695043922592,509375000.0,19.99729411280516,19.923159496777437,19.62169898395629,19.847384197846296,19.87341295978577
2024-08-01, Phường Cầu Ông Lãnh,2024,8,3,-0.8660254037844384,-0.5000000000000004,19.926474997304922,450773248.04824805,20.048695043922592,19.99729411280516,19.923159496777437,19.989716217835063,19.975024222759643
2024-09-01, Phường Cầu Ông Lãnh,2024,9,3,-1.0,-1.8369701987210297e-16,19.679461787613295,352112676.056338,19.926474997304922,20.048695043922592,19.99729411280516,19.99082138467756,19.963680044215703
2024-11-01, Phường Cầu Ông Lãnh,2024,11,4,-0.5000000000000004,0.8660254037844384,20.1761264126803,578602580.8196311,19.679461787613295,19.926474997304922,20.048695043922592,19.884877276280267,19.866130737063283
2024-12-01, Phường Cầu Ông Lãnh,2024,12,4,-2.4492935982947064e-16,1.0,19.625692512407607,333679833.67983365,20.1761264126803,19.679461787613295,19.926474997304922,19.927354399199505,19.958535308517284
2025-03-01, Phường Cầu Ông Lãnh,2025,3,1,1.0,6.123233995736766e-17,20.425600767787937,742550000.0,19.625692512407607,20.1761264126803,19.679461787613295,19.827093570900402,19.908957477788977
2025-04-01, Phường Cầu Ông Lãnh,2025,4,2,0.8660254037844387,-0.4999999999999998,20.169340995466197,574689810.8019432,20.425600767787937,19.625692512407607,20.1761264126803,20.07580656429195,19.980341920286108
2025-05-01, Phường Cầu Ông Lãnh,2025,5,2,0.49999999999999994,-0.8660254037844387,19.85783205308832,420868945.8689459,20.169340995466197,20.425600767787937,19.625692512407607,20.07354475855391,20.000449578876708
2025-06-01, Phường Cầu Ông Lãnh,2025,6,2,1.2246467991473532e-16,-1.0,19.630564617861275,335309523.8095238,19.85783205308832,20.169340995466197,20.425600767787937,20.150924605447482,19.98900908817394
2025-07-01, Phường Cầu Ông Lãnh,2025,7,3,-0.4999999999999997,-0.8660254037844388,20.046475906598058,508245880.2223878,19.630564617861275,19.85783205308832,20.169340995466197,19.88591255547193,19.98085955988194
2025-08-01, Phường Cầu Ông Lãnh,2025,8,3,-0.8660254037844384,-0.5000000000000004,20.076289377754357,523626591.0962162,20.046475906598058,19.630564617861275,19.85783205308832,19.84495752584922,19.959251142201566
2021-07-01, Phường Nguyễn Cư Trinh,2021,7,3,-0.4999999999999997,-0.8660254037844388,19.731235130615143,370822892.5127639,19.766647275489067,19.591315677616922,19.504548061627265,19.620837004911085,19.581346694725287
2021-08-01, Phường Nguyễn Cư Trinh,2021,8,3,-0.8660254037844384,-0.5000000000000004,19.69146006053869,356362866.54137987,19.731235130615143,19.766647275489067,19.591315677616922,19.696399361240378,19.607264485618312
2021-09-01, Phường Nguyễn Cư Trinh,2021,9,3,-1.0,-1.8369701987210297e-16,19.69135294396241,356324696.2154688,19.69146006053869,19.731235130615143,19.766647275489067,19.729780822214302,19.66162470121635
2021-10-01, Phường Nguyễn Cư Trinh,2021,10,4,-0.8660254037844386,0.5000000000000001,19.702373628158952,360273356.6794386,19.69135294396241,19.69146006053869,19.731235130615143,19.704682711705416,19.662759858308252
2021-11-01, Phường Nguyễn Cư Trinh,2021,11,4,-0.5000000000000004,0.8660254037844384,19.599641189165666,325099285.0459208,19.702373628158952,19.69135294396241,19.69146006053869,19.695062210886686,19.695730786063532
2021-12-01, Phường Nguyễn Cư Trinh,2021,12,4,-2.4492935982947064e-16,1.0,19.859908703460444,421743851.6463637,19.599641189165666,19.702373628158952,19.69135294396241,19.66445592042901,19.697118371321654
2022-01-01, Phường Nguyễn Cư Trinh,2022,1,1,0.49999999999999994,0.8660254037844387,19.320006112718907,245794433.56666675,19.859908703460444,19.599641189165666,19.702373628158952,19.72064117359502,19.712661942650218
2022-02-01, Phường Nguyễn Cư Trinh,2022,2,1,0.8660254037844386,0.5000000000000001,19.8656415649974,424168594.4741916,19.320006112718907,19.859908703460444,19.599641189165666,19.593185335115006,19.644123773000846
2022-03-01, Phường Nguyễn Cư Trinh,2022,3,1,1.0,6.123233995736766e-17,19.941895625196107,457778327.1297592,19.8656415649974,19.320006112718907,19.859908703460444,19.681852127058917,19.673154023743965
2022-04-01, Phường Nguyễn Cư Trinh,2022,4,2,0.8660254037844387,-0.4999999999999998,19.716481505730012,365392071.3024987,19.941895625196107,19.8656415649974,19.320006112718907,19.709181100970806,19.71491113728291
2022-05-01, Phường Nguyễn Cư Trinh,2022,5,2,0.49999999999999994,-0.8660254037844387,19.84754219963463,416560470.885981,19.716481505730012,19.941895625196107,19.8656415649974,19.841339565307837,19.71726245021142
2022-06-01, Phường Nguyễn Cư Trinh,2022,6,2,1.2246467991473532e-16,-1.0,19.834588844865113,411199412.1192835,19.84754219963463,19.716481505730012,19.941895625196107,19.83530644352025,19.75857928528958
2022-07-01, Phường Nguyễn Cư Trinh,2022,7,3,-0.4999999999999997,-0.8660254037844388,19.45763044593145,282060019.7886924,19.834588844865113,19.84754219963463,19.716481505730012,19.799537516743253,19.75435930885703
2022-08-01, Phường Nguyễn Cư Trinh,2022,8,3,-0.8660254037844384,-0.5000000000000004,19.507490681179018,296480105.9337416,19.45763044593145,19.834588844865113,19.84754219963463,19.71325383014373,19.777296697725784
2022-09-01, Phường Nguyễn Cư Trinh,2022,9,3,-1.0,-1.8369701987210297e-16,19.67407158576671,350219823.6654419,19.507490681179018,19.45763044593145,19.834588844865113,19.599903323991864,19.717604883756056
2022-10-01, Phường Nguyễn Cư Trinh,2022,10,4,-0.8660254037844386,0.5000000000000001,19.568620315365383,315169236.7975887,19.67407158576671,19.507490681179018,19.45763044593145,19.54639757095906,19.672967543851158
2022-11-01, Phường Nguyễn Cư Trinh,2022,11,4,-0.5000000000000004,0.8660254037844384,19.54242474651461,307020397.0533088,19.568620315365383,19.67407158576671,19.507490681179018,19.583394194103704,19.64832401212372
2022-12-01, Phường Nguyễn Cư Trinh,2022,12,4,-2.4492935982947064e-16,1.0,19.690716714867655,356098064.1785127,19.54242474651461,19.568620315365383,19.67407158576671,19.595038882548902,19.597471103270383
2023-01-01, Phường Nguyễn Cư Trinh,2023,1,1,0.49999999999999994,0.8660254037844387,19.574644291573417,317073538.763803,19.690716714867655,19.54242474651461,19.568620315365383,19.60058725891588,19.573492414937473
2023-02-01, Phường Nguyễn Cư Trinh,2023,2,1,0.8660254037844386,0.5000000000000001,19.69869170379022,358949296.4649871,19.574644291573417,19.690716714867655,19.54242474651461,19.602595250985228,19.592994722544464
2023-03-01, Phường Nguyễn Cư Trinh,2023,3,1,1.0,6.123233995736766e-17,19.53883049553337,305918869.455523,19.69869170379022,19.574644291573417,19.690716714867655,19.654684236743762,19.62486155964633
2023-04-01, Phường Nguyễn Cư Trinh,2023,4,2,0.8660254037844387,-0.4999999999999998,19.247499398556528,228603448.4243556,19.53883049553337,19.69869170379022,19.574644291573417,19.60405549696567,19.602321377940775
2023-05-01, Phường Nguyễn Cư Trinh,2023,5,2,0.49999999999999994,-0.8660254037844387,19.749586126386994,377690684.543471,19.247499398556528,19.53883049553337,19.69869170379022,19.495007199293372,19.5488012251393
2023-06-01, Phường Nguyễn Cư Trinh,2023,6,2,1.2246467991473532e-16,-1.0,19.70368548309811,360746293.2073921,19.749586126386994,19.247499398556528,19.53883049553337,19.511972006825633,19.5833281217847
2023-07-01, Phường Nguyễn Cư Trinh,2023,7,3,-0.4999999999999997,-0.8660254037844388,19.39976801894238,266202542.55770156,19.70368548309811,19.749586126386994,19.247499398556528,19.566923669347208,19.58548958315644
2023-08-01, Phường Nguyễn Cư Trinh,2023,8,3,-0.8660254037844384,-0.5000000000000004,19.781194228511136,389819444.0629215,19.39976801894238,19.70368548309811,19.749586126386994,19.617679876142493,19.556343537717932
2023-09-01, Phường Nguyễn Cư Trinh,2023,9,3,-1.0,-1.8369701987210297e-16,19.44474093946317,278447735.6181317,19.781194228511136,19.39976801894238,19.70368548309811,19.628215910183872,19.570093958504753
2023-10-01, Phường Nguyễn Cư Trinh,2023,10,4,-0.8660254037844386,0.5000000000000001,21.68636724636091,2619808986.064014,19.44474093946317,19.781194228511136,19.39976801894238,19.54190106230556,19.554412365826384
2023-11-01, Phường Nguyễn Cư Trinh,2023,11,4,-0.5000000000000004,0.8660254037844384,19.88273396359221,431480968.1572508,21.68636724636091,19.44474093946317,19.781194228511136,20.304100804778404,19.96089034046045
2023-12-01, Phường Nguyễn Cư Trinh,2023,12,4,-2.4492935982947064e-16,1.0,22.555808501619083,6249757509.481485,19.88273396359221,21.68636724636091,19.44474093946317,20.33794738313876,19.98308164666132
2024-01-01, Phường Nguyễn Cư Trinh,2024,1,1,0.49999999999999994,0.8660254037844387,19.5255185209858,301873471.09817564,22.555808501619083,19.88273396359221,21.68636724636091,21.3749699038574,20.458435483081484
2024-02-01, Phường Nguyễn Cư Trinh,2024,2,1,0.8660254037844386,0.5000000000000001,19.58807846557892,321361900.67387104,19.5255185209858,22.555808501619083,19.88273396359221,20.65468699539903,20.47939390008872
2024-03-01, Phường Nguyễn Cư Trinh,2024,3,1,1.0,6.123233995736766e-17,19.486254183131507,290250290.58217084,19.58807846557892,19.5255185209858,22.555808501619083,20.556468496061267,20.447207939600016
2024-04-01, Phường Nguyễn Cư Trinh,2024,4,2,0.8660254037844387,-0.4999999999999998,19.708176560510655,362370076.2794271,19.486254183131507,19.58807846557892,19.5255185209858,19.533283723232074,20.454126813544736
2024-05-01, Phường Nguyễn Cư Trinh,2024,5,2,0.49999999999999994,-0.8660254037844387,19.852780561755687,418748290.7765669,19.708176560510655,19.486254183131507,19.58807846557892,19.59416973640703,20.12442836590303
2024-06-01, Phường Nguyễn Cư Trinh,2024,6,2,1.2246467991473532e-16,-1.0,19.749574829731777,377686417.9261172,19.852780561755687,19.708176560510655,19.486254183131507,19.68240376846595,20.119436132263605
2024-07-01, Phường Nguyễn Cư Trinh,2024,7,3,-0.4999999999999997,-0.8660254037844388,19.708765016169423,362583377.75504506,19.749574829731777,19.852780561755687,19.708176560510655,19.770177317332706,19.65173052028239
2024-08-01, Phường Nguyễn Cư Trinh,2024,8,3,-0.8660254037844384,-0.5000000000000004,19.612366308813957,329262645.80988824,19.708765016169423,19.749574829731777,19.852780561755687,19.770373469218963,19.682271602812992
2024-09-01, Phường Nguyễn Cư Trinh,2024,9,3,-1.0,-1.8369701987210297e-16,19.299058105830284,240699085.0823649,19.612366308813957,19.708765016169423,19.749574829731777,19.69023538490505,19.686319576685502
2024-10-01, Phường Nguyễn Cư Trinh,2024,10,4,-0.8660254037844386,0.5000000000000001,19.482558390124805,289179565.3924247,19.299058105830284,19.612366308813957,19.708765016169423,19.540063143604556,19.65512023046863
2024-11-01, Phường Nguyễn Cư Trinh,2024,11,4,-0.5000000000000004,0.8660254037844384,19.51326496931624,298197019.7050433,19.482558390124805,19.299058105830284,19.612366308813957,19.464660934923014,19.61751720207099
2024-12-01, Phường Nguyễn Cư Trinh,2024,12,4,-2.4492935982947064e-16,1.0,19.654414786311577,343402842.32391137,19.51326496931624,19.482558390124805,19.299058105830284,19.431627155090442,19.56093126999775
2025-01-01, Phường Nguyễn Cư Trinh,2025,1,1,0.49999999999999994,0.8660254037844387,18.689065426247044,130785014.00560224,19.654414786311577,19.51326496931624,19.482558390124805,19.55007938191754,19.545071262761045
2025-02-01, Phường Nguyễn Cư Trinh,2025,2,1,0.8660254037844386,0.5000000000000001,20.023524670520402,496713852.3761375,18.689065426247044,19.654414786311577,19.51326496931624,19.285581727291618,19.37512133110732
2025-03-01, Phường Nguyễn Cư Trinh,2025,3,1,1.0,6.123233995736766e-17,18.765521237327427,141176470.5882353,20.023524670520402,18.689065426247044,19.654414786311577,19.455668294359672,19.443647724725057
2025-04-01, Phường Nguyễn Cư Trinh,2025,4,2,0.8660254037844387,-0.4999999999999998,19.509339856133497,297028856.7337343,18.765521237327427,20.023524670520402,18.689065426247044,19.159370444698293,19.354724913307916
2025-05-01, Phường Nguyễn Cư Trinh,2025,5,2,0.49999999999999994,-0.8660254037844387,19.925649545050547,450401309.7833678,19.509339856133497,18.765521237327427,20.023524670520402,19.432795254660444,19.359188490976027
2025-06-01, Phường Nguyễn Cư Trinh,2025,6,2,1.2246467991473532e-16,-1.0,19.67706552347779,351269931.19954777,19.925649545050547,19.509339856133497,18.765521237327427,19.400170212837157,19.427919253598418
2025-07-01, Phường Nguyễn Cư Trinh,2025,7,3,-0.4999999999999997,-0.8660254037844388,20.13682172844557,556301920.1297652,19.67706552347779,19.925649545050547,19.509339856133497,19.70401830822061,19.43169437645945
2025-08-01, Phường Nguyễn Cư Trinh,2025,8,3,-0.8660254037844384,-0.5000000000000004,19.749816822618634,377777826.4126149,20.13682172844557,19.67706552347779,19.925649545050547,19.913178932324637,19.672987093492537
2021-08-01, Phường Nguyễn Thái Bình,2021,8,3,-0.8660254037844384,-0.5000000000000004,20.7227851290427,999519406.61782,20.05404824826384,20.126368352719627,20.09010773508041,20.090174778687956,20.035283297072255
2021-09-01, Phường Nguyễn Thái Bình,2021,9,3,-1.0,-1.8369701987210297e-16,20.12110523261089,547627150.3559126,20.7227851290427,20.05404824826384,20.126368352719627,20.301067243342057,20.148341798465847
2021-10-01, Phường Nguyễn Thái Bình,2021,10,4,-0.8660254037844386,0.5000000000000001,20.045473712872464,507736774.5430369,20.12110523261089,20.7227851290427,20.05404824826384,20.29931286997248,20.17392414002552
2021-11-01, Phường Nguyễn Thái Bình,2021,11,4,-0.5000000000000004,0.8660254037844384,20.226112899441453,608259949.9379879,20.045473712872464,20.12110523261089,20.7227851290427,20.296454691508686,20.193314735098323
2021-12-01, Phường Nguyễn Thái Bình,2021,12,4,-2.4492935982947064e-16,1.0,20.150659976974346,564053676.0308899,20.226112899441453,20.045473712872464,20.12110523261089,20.1308972816416,20.21598226249183
2022-01-01, Phường Nguyễn Thái Bình,2022,1,1,0.49999999999999994,0.8660254037844387,19.805446161555807,399388888.8888889,20.150659976974346,20.226112899441453,20.045473712872464,20.14074886309609,20.220030866534284
2022-02-01, Phường Nguyễn Thái Bình,2022,2,1,0.8660254037844386,0.5000000000000001,20.359787869977772,695254044.601594,19.805446161555807,20.150659976974346,20.226112899441453,20.06073967932387,20.178597185416276
2022-03-01, Phường Nguyễn Thái Bình,2022,3,1,1.0,6.123233995736766e-17,19.9455651518399,459461242.7652333,20.359787869977772,19.805446161555807,20.150659976974346,20.105298002835976,20.11809764223879
2022-04-01, Phường Nguyễn Thái Bình,2022,4,2,0.8660254037844387,-0.4999999999999998,20.244976008049175,619842521.6710423,19.9455651518399,20.359787869977772,19.805446161555807,20.036933061124493,20.088840962110293
2022-05-01, Phường Nguyễn Thái Bình,2022,5,2,0.49999999999999994,-0.8660254037844387,20.315349739734884,665034673.7452945,20.244976008049175,19.9455651518399,20.359787869977772,20.183443009955614,20.122091344639742
2022-06-01, Phường Nguyễn Thái Bình,2022,6,2,1.2246467991473532e-16,-1.0,20.036477210720033,503189405.42785776,20.315349739734884,20.244976008049175,19.9455651518399,20.168630299874653,20.136964151355315
2022-07-01, Phường Nguyễn Thái Bình,2022,7,3,-0.4999999999999997,-0.8660254037844388,20.15153950281514,564549994.0456977,20.036477210720033,20.315349739734884,20.244976008049175,20.198934319501365,20.117933690312928
2022-08-01, Phường Nguyễn Thái Bình,2022,8,3,-0.8660254037844384,-0.5000000000000004,20.12178546503893,547999790.8294384,20.15153950281514,20.036477210720033,20.315349739734884,20.167788817756687,20.175615913856152
2022-09-01, Phường Nguyễn Thái Bình,2022,9,3,-1.0,-1.8369701987210297e-16,20.31652094156501,665814019.8701701,20.12178546503893,20.15153950281514,20.036477210720033,20.103267392858033,20.135948846366343
2022-10-01, Phường Nguyễn Thái Bình,2022,10,4,-0.8660254037844386,0.5000000000000001,20.05293335430685,511538470.84811735,20.31652094156501,20.12178546503893,20.15153950281514,20.196615303139694,20.197774811320528
2022-11-01, Phường Nguyễn Thái Bình,2022,11,4,-0.5000000000000004,0.8660254037844384,20.033241350140578,501563786.2206147,20.05293335430685,20.31652094156501,20.12178546503893,20.163746586970262,20.165767702363475
2022-12-01, Phường Nguyễn Thái Bình,2022,12,4,-2.4492935982947064e-16,1.0,20.241647493736394,617782796.776201,20.033241350140578,20.05293335430685,20.31652094156501,20.134231882004148,20.11874963743109
2023-01-01, Phường Nguyễn Thái Bình,2023,1,1,0.49999999999999994,0.8660254037844387,20.37706485795217,707370305.2465928,20.241647493736394,20.033241350140578,20.05293335430685,20.109274066061275,20.152944684600484
2023-02-01, Phường Nguyễn Thái Bình,2023,2,1,0.8660254037844386,0.5000000000000001,20.25209862272451,624273181.3289635,20.37706485795217,20.241647493736394,20.033241350140578,20.217317900609714,20.19053224378999
2023-03-01, Phường Nguyễn Thái Bình,2023,3,1,1.0,6.123233995736766e-17,20.06334082321677,516890091.6987512,20.25209862272451,20.37706485795217,20.241647493736394,20.290270324804357,20.212251103404252
2023-04-01, Phường Nguyễn Thái Bình,2023,4,2,0.8660254037844387,-0.4999999999999998,19.792640106762203,394306902.4310598,20.06334082321677,20.25209862272451,20.37706485795217,20.23083476796448,20.17005441701288
2023-05-01, Phường Nguyễn Thái Bình,2023,5,2,0.49999999999999994,-0.8660254037844387,19.95558581633372,464088495.0885459,19.792640106762203,20.06334082321677,20.25209862272451,20.03602651756783,20.12667220908877
2023-06-01, Phường Nguyễn Thái Bình,2023,6,2,1.2246467991473532e-16,-1.0,19.3349852361191,249503931.890328,19.95558581633372,19.792640106762203,20.06334082321677,19.937188915437563,20.11372962012096
2023-07-01, Phường Nguyễn Thái Bình,2023,7,3,-0.4999999999999997,-0.8660254037844388,20.23029577626463,610809555.0138026,19.3349852361191,19.95558581633372,19.792640106762203,19.694403719738343,19.96261924385141
2023-08-01, Phường Nguyễn Thái Bình,2023,8,3,-0.8660254037844384,-0.5000000000000004,19.917189340872696,446606896.12141305,20.23029577626463,19.3349852361191,19.95558581633372,19.840288942905815,19.93815773023682
2023-09-01, Phường Nguyễn Thái Bình,2023,9,3,-1.0,-1.8369701987210297e-16,20.045926350864818,507966647.5184593,19.917189340872696,20.23029577626463,19.3349852361191,19.827490117752138,19.882339516594854
2023-10-01, Phường Nguyễn Thái Bình,2023,10,4,-0.8660254037844386,0.5000000000000001,19.945675632146717,459512006.9885878,20.045926350864818,19.917189340872696,20.23029577626463,20.064470489334045,19.879437104536194
2023-11-01, Phường Nguyễn Thái Bình,2023,11,4,-0.5000000000000004,0.8660254037844384,20.210254390889258,598689937.9272531,19.945675632146717,20.045926350864818,19.917189340872696,19.96959710796141,19.904943025433614
2023-12-01, Phường Nguyễn Thái Bình,2023,12,4,-2.4492935982947064e-16,1.0,19.97837028799052,474783888.0229852,20.210254390889258,19.945675632146717,20.045926350864818,20.067285457966932,19.947387787859537
2024-01-01, Phường Nguyễn Thái Bình,2024,1,1,0.49999999999999994,0.8660254037844387,19.696311399891595,358095904.1223154,19.97837028799052,20.210254390889258,19.945675632146717,20.044766770342164,20.054618629838107
2024-03-01, Phường Nguyễn Thái Bình,2024,3,1,1.0,6.123233995736766e-17,20.434860666133424,749457871.2585591,19.696311399891595,19.97837028799052,20.210254390889258,19.96164535959046,19.965621233775934
2024-04-01, Phường Nguyễn Thái Bình,2024,4,2,0.8660254037844387,-0.4999999999999998,20.297343256568023,653166907.0981252,20.434860666133424,19.696311399891595,19.97837028799052,20.03651411800518,20.051899787986056
2024-05-01, Phường Nguyễn Thái Bình,2024,5,2,0.49999999999999994,-0.8660254037844387,20.262439979544553,630762509.45685,20.297343256568023,20.434860666133424,19.696311399891595,20.14283844086435,20.093802605603255
2024-06-01, Phường Nguyễn Thái Bình,2024,6,2,1.2246467991473532e-16,-1.0,20.223796913457395,606852858.4479818,20.262439979544553,20.297343256568023,20.434860666133424,20.331547967415332,20.146596663502894
2024-07-01, Phường Nguyễn Thái Bình,2024,7,3,-0.4999999999999997,-0.8660254037844388,19.697558983692222,358542937.57047784,20.223796913457395,20.262439979544553,20.297343256568023,20.26119338318999,20.148853750597585
2024-08-01, Phường Nguyễn Thái Bình,2024,8,3,-0.8660254037844384,-0.5000000000000004,20.06640155835552,518474578.9793245,19.697558983692222,20.223796913457395,20.262439979544553,20.061265292231386,20.102051866547868
2024-09-01, Phường Nguyễn Thái Bình,2024,9,3,-1.0,-1.8369701987210297e-16,19.11382792951231,200000000.0,20.06640155835552,19.697558983692222,20.223796913457395,19.995919151835043,20.16373355962519
2024-10-01, Phường Nguyễn Thái Bình,2024,10,4,-0.8660254037844386,0.5000000000000001,20.592512826395026,877434463.6844637,19.11382792951231,20.06640155835552,19.697558983692222,19.62592949052002,19.943561436855003
2024-11-01, Phường Nguyễn Thái Bình,2024,11,4,-0.5000000000000004,0.8660254037844384,20.161244381684533,570055555.5555556,20.592512826395026,19.11382792951231,20.06640155835552,19.92424743808762,19.992756365159504
2024-12-01, Phường Nguyễn Thái Bình,2024,12,4,-2.4492935982947064e-16,1.0,20.25634136405607,626927437.6417233,20.161244381684533,20.592512826395026,19.11382792951231,19.955861712530623,19.975890432182833
2025-02-01, Phường Nguyễn Thái Bình,2025,2,1,0.8660254037844386,0.5000000000000001,20.743229282173278,1020164046.479836,20.25634136405607,20.161244381684533,20.592512826395026,20.336699524045212,19.981314507282615
2025-03-01, Phường Nguyễn Thái Bình,2025,3,1,1.0,6.123233995736766e-17,20.425071823002938,742157335.9073359,20.743229282173278,20.25634136405607,20.161244381684533,20.38693834263796,20.15559289036279
2025-04-01, Phường Nguyễn Thái Bình,2025,4,2,0.8660254037844387,-0.4999999999999998,19.967923381140473,469849683.42400265,20.425071823002938,20.743229282173278,20.25634136405607,20.474880823077427,20.215371267804027
2025-05-01, Phường Nguyễn Thái Bình,2025,5,2,0.49999999999999994,-0.8660254037844387,20.04216381100271,506058993.8168418,19.967923381140473,20.425071823002938,20.743229282173278,20.378741495438895,20.35772050974205
2025-06-01, Phường Nguyễn Thái Bình,2025,6,2,1.2246467991473532e-16,-1.0,19.882072526170624,431195664.863088,20.04216381100271,19.967923381140473,20.425071823002938,20.145053005048705,20.265995673843335
2025-07-01, Phường Nguyễn Thái Bình,2025,7,3,-0.4999999999999997,-0.8660254037844388,20.511116465220137,808843869.1374549,19.882072526170624,20.04216381100271,19.967923381140473,19.964053239437934,20.219467031257683
2025-08-01, Phường Nguyễn Thái Bình,2025,8,3,-0.8660254037844384,-0.5000000000000004,20.201078718365608,593221680.9378358,20.511116465220137,19.882072526170624,20.04216381100271,20.14511760079782,20.26192954811836
2021-07-01, Phường Phạm Ngũ Lão,2021,7,3,-0.4999999999999997,-0.8660254037844388,20.032454585463565,501169328.7425127,20.086179935834792,19.944136471216613,19.86630607982185,19.965540828957753,19.93745165264016
2021-08-01, Phường Phạm Ngũ Lão,2021,8,3,-0.8660254037844384,-0.5000000000000004,20.560226139468476,849557461.4565561,20.032454585463565,20.086179935834792,19.944136471216613,20.020923664171658,19.938219936232397
2021-09-01, Phường Phạm Ngũ Lão,2021,9,3,-1.0,-1.8369701987210297e-16,20.30192613991358,656167164.5068172,20.560226139468476,20.032454585463565,20.086179935834792,20.226286886922278,20.088966961851067
2021-10-01, Phường Phạm Ngũ Lão,2021,10,4,-0.8660254037844386,0.5000000000000001,19.937683497570212,455854161.6474813,20.30192613991358,20.560226139468476,20.032454585463565,20.298202288281875,20.131871558619814
2021-11-01, Phường Phạm Ngũ Lão,2021,11,4,-0.5000000000000004,0.8660254037844384,19.75654895545012,380329656.9207717,19.937683497570212,20.30192613991358,20.560226139468476,20.266611925650757,20.143767794911206
2021-12-01, Phường Phạm Ngũ Lão,2021,12,4,-2.4492935982947064e-16,1.0,20.14203577497498,559210079.2809986,19.75654895545012,19.937683497570212,20.30192613991358,19.998719530977972,20.112503208950127
2022-01-01, Phường Phạm Ngũ Lão,2022,1,1,0.49999999999999994,0.8660254037844387,19.610750146875407,328730933.83439183,20.14203577497498,19.75654895545012,19.937683497570212,19.945422742665105,20.12181251547349
2022-02-01, Phường Phạm Ngũ Lão,2022,2,1,0.8660254037844386,0.5000000000000001,20.153568851086963,565696825.8695133,19.610750146875407,20.14203577497498,19.75654895545012,19.836444959100167,20.05152844237546
2022-03-01, Phường Phạm Ngũ Lão,2022,3,1,1.0,6.123233995736766e-17,19.917064115570962,446550973.13952464,20.153568851086963,19.610750146875407,20.14203577497498,19.96878492431245,19.98375222764521
2022-04-01, Phường Phạm Ngũ Lão,2022,4,2,0.8660254037844387,-0.4999999999999998,20.09576293725241,533923397.029899,19.917064115570962,20.153568851086963,19.610750146875407,19.893794371177776,19.919608556921442
2022-05-01, Phường Phạm Ngũ Lão,2022,5,2,0.49999999999999994,-0.8660254037844387,19.982676819861258,476832969.0222008,20.09576293725241,19.917064115570962,20.153568851086963,20.055465301303446,19.945955130201806
2022-06-01, Phường Phạm Ngũ Lão,2022,6,2,1.2246467991473532e-16,-1.0,19.893612109161023,436200303.21873146,19.982676819861258,20.09576293725241,19.917064115570962,19.998501290894875,19.983643107603662
2022-07-01, Phường Phạm Ngũ Lão,2022,7,3,-0.4999999999999997,-0.8660254037844388,19.86664020454254,424592397.5854911,19.893612109161023,19.982676819861258,20.09576293725241,19.9906839554249,19.942239163301338
2022-08-01, Phường Phạm Ngũ Lão,2022,8,3,-0.8660254037844384,-0.5000000000000004,20.05779501111798,514031450.4392607,19.86664020454254,19.893612109161023,19.982676819861258,19.91430971118827,19.984887506245858
2022-09-01, Phường Phạm Ngũ Lão,2022,9,3,-1.0,-1.8369701987210297e-16,19.982276395451112,476642071.6839685,20.05779501111798,19.86664020454254,19.893612109161023,19.93934910827385,19.968925199584362
2022-10-01, Phường Phạm Ngũ Lão,2022,10,4,-0.8660254037844386,0.5000000000000001,19.92837841976877,451632077.07452345,19.982276395451112,20.05779501111798,19.86664020454254,19.968903870370543,19.979793912897723
2022-11-01, Phường Phạm Ngũ Lão,2022,11,4,-0.5000000000000004,0.8660254037844384,20.02731395348021,498599612.2991925,19.92837841976877,19.982276395451112,20.05779501111798,19.989483275445956,19.951896493317115
2022-12-01, Phường Phạm Ngũ Lão,2022,12,4,-2.4492935982947064e-16,1.0,19.954684396211306,463670344.8724152,20.02731395348021,19.92837841976877,19.982276395451112,19.97932292290003,19.95933601558694
2023-01-01, Phường Phạm Ngũ Lão,2023,1,1,0.49999999999999994,0.8660254037844387,20.16173592776952,570335833.0116054,19.954684396211306,20.02731395348021,19.92837841976877,19.970125589820096,19.96951473009532
2023-02-01, Phường Phạm Ngũ Lão,2023,2,1,0.8660254037844386,0.5000000000000001,20.28743193934018,646725138.6081592,20.16173592776952,19.954684396211306,20.02731395348021,20.047911425820345,20.01869735063315
2023-03-01, Phường Phạm Ngũ Lão,2023,3,1,1.0,6.123233995736766e-17,19.65691460483291,344262360.9846642,20.28743193934018,20.16173592776952,19.954684396211306,20.134617421107002,20.056970172003517
2023-04-01, Phường Phạm Ngũ Lão,2023,4,2,0.8660254037844387,-0.4999999999999998,19.735373914286495,372360828.6465334,19.65691460483291,20.28743193934018,20.16173592776952,20.03536082398087,20.002743206900483
2023-05-01, Phường Phạm Ngũ Lão,2023,5,2,0.49999999999999994,-0.8660254037844387,20.202079755705597,593815815.3180827,19.735373914286495,19.65691460483291,20.28743193934018,19.89324015281986,19.970575789320105
2023-06-01, Phường Phạm Ngũ Lão,2023,6,2,1.2246467991473532e-16,-1.0,19.14240957377722,205798803.8020653,20.202079755705597,19.735373914286495,19.65691460483291,19.864789424941666,19.999703423024336
2023-07-01, Phường Phạm Ngũ Lão,2023,7,3,-0.4999999999999997,-0.8660254037844388,19.790466980119795,393450953.9729771,19.14240957377722,20.202079755705597,19.735373914286495,19.693287747923105,19.864324285951987
2023-08-01, Phường Phạm Ngũ Lão,2023,8,3,-0.8660254037844384,-0.5000000000000004,19.5091388407259,296969155.35747766,19.790466980119795,19.14240957377722,20.202079755705597,19.711652103200873,19.802446128010363
2023-09-01, Phường Phạm Ngũ Lão,2023,9,3,-1.0,-1.8369701987210297e-16,19.4437953972163,278184575.9535108,19.5091388407259,19.790466980119795,19.14240957377722,19.480671798207638,19.672730611574654
2023-10-01, Phường Phạm Ngũ Lão,2023,10,4,-0.8660254037844386,0.5000000000000001,19.91813920609304,447031314.0181446,19.4437953972163,19.5091388407259,19.790466980119795,19.581133739353998,19.63721074363855
2023-11-01, Phường Phạm Ngũ Lão,2023,11,4,-0.5000000000000004,0.8660254037844384,19.204591582784403,219002034.6152549,19.91813920609304,19.4437953972163,19.5091388407259,19.623691148011748,19.667671625606307
2023-12-01, Phường Phạm Ngũ Lão,2023,12,4,-2.4492935982947064e-16,1.0,19.99612053409975,483286658.7916813,19.204591582784403,19.91813920609304,19.4437953972163,19.52217539536458,19.501423596786108
2024-01-01, Phường Phạm Ngũ Lão,2024,1,1,0.49999999999999994,0.8660254037844387,19.831902982101482,410096468.76743895,19.99612053409975,19.204591582784403,19.91813920609304,19.70628377432573,19.643708756839864
2024-02-01, Phường Phạm Ngũ Lão,2024,2,1,0.8660254037844386,0.5000000000000001,20.11424709103282,543884295.0060089,19.831902982101482,19.99612053409975,19.204591582784403,19.677538366328545,19.650614757170143
2024-03-01, Phường Phạm Ngũ Lão,2024,3,1,1.0,6.123233995736766e-17,19.900882690306524,439383289.9866353,20.11424709103282,19.831902982101482,19.99612053409975,19.980756869078018,19.7514661322213
2024-04-01, Phường Phạm Ngũ Lão,2024,4,2,0.8660254037844387,-0.4999999999999998,19.980275303030147,475689220.5343788,19.900882690306524,20.11424709103282,19.831902982101482,19.94901092114694,19.827647347736335
2024-05-01, Phường Phạm Ngũ Lão,2024,5,2,0.49999999999999994,-0.8660254037844387,20.07398177246504,522419660.6977325,19.980275303030147,19.900882690306524,20.11424709103282,19.9984683614565,19.838003363892522
2024-06-01, Phường Phạm Ngũ Lão,2024,6,2,1.2246467991473532e-16,-1.0,19.830824094671446,409654259.4310452,20.07398177246504,19.980275303030147,19.900882690306524,19.985046588600568,19.982901728839295
2024-07-01, Phường Phạm Ngũ Lão,2024,7,3,-0.4999999999999997,-0.8660254037844388,20.248106175873247,621785772.5555377,19.830824094671446,20.07398177246504,19.980275303030147,19.96169372338888,19.95535232226791
2024-08-01, Phường Phạm Ngũ Lão,2024,8,3,-0.8660254037844384,-0.5000000000000004,20.057175037173767,513712863.1009916,20.248106175873247,19.830824094671446,20.07398177246504,20.050970681003246,20.024719521229873
2024-09-01, Phường Phạm Ngũ Lão,2024,9,3,-1.0,-1.8369701987210297e-16,19.819780059414747,405154914.52991456,20.057175037173767,20.248106175873247,19.830824094671446,20.045368435906152,20.01520751225336
2024-10-01, Phường Phạm Ngũ Lão,2024,10,4,-0.8660254037844386,0.5000000000000001,20.178464014652675,579956705.4416866,19.819780059414747,20.057175037173767,20.248106175873247,20.041687090820588,20.001690407104732
2024-11-01, Phường Phạm Ngũ Lão,2024,11,4,-0.5000000000000004,0.8660254037844384,20.138152149539295,557042528.4913661,20.178464014652675,19.819780059414747,20.057175037173767,20.018473037080398,20.03472185904182
2024-12-01, Phường Phạm Ngũ Lão,2024,12,4,-2.4492935982947064e-16,1.0,19.752183285644065,378672882.313659,20.138152149539295,20.178464014652675,19.819780059414747,20.045465407868907,20.045416921887533
2025-01-01, Phường Phạm Ngũ Lão,2025,1,1,0.49999999999999994,0.8660254037844387,20.515626473398935,812500000.0,19.752183285644065,20.138152149539295,20.178464014652675,20.022933149945345,20.032310120382963
2025-04-01, Phường Phạm Ngũ Lão,2025,4,2,0.8660254037844387,-0.4999999999999998,19.812834151661992,402350496.7497361,20.515626473398935,19.752183285644065,20.138152149539295,20.1353206361941,20.076896836637246
2025-05-01, Phường Phạm Ngũ Lão,2025,5,2,0.49999999999999994,-0.8660254037844387,20.01327620631867,491649294.5290997,19.812834151661992,20.515626473398935,19.752183285644065,20.02688130356833,20.036173355718617
2025-06-01, Phường Phạm Ngũ Lão,2025,6,2,1.2246467991473532e-16,-1.0,19.871501669226554,426661564.0509696,20.01327620631867,19.812834151661992,20.515626473398935,20.113912277126534,20.06842271353594
2025-07-01, Phường Phạm Ngũ Lão,2025,7,3,-0.4999999999999997,-0.8660254037844388,20.137604480245113,556737536.9272921,19.871501669226554,20.01327620631867,19.812834151661992,19.89920400906907,20.017262322631584
2025-08-01, Phường Phạm Ngũ Lão,2025,8,3,-0.8660254037844384,-0.5000000000000004,20.242184724969388,618114778.1577708,20.137604480245113,19.871501669226554,20.01327620631867,20.007460785263447,20.017171044415885
2021-07-01, Phường Tân Định,2021,7,3,-0.4999999999999997,-0.8660254037844388,19.546006497769557,308122039.47615486,19.65572716565243,19.560764361504113,19.41147564004202,19.54265572239952,19.486889943975367
2021-08-01, Phường Tân Định,2021,8,3,-0.8660254037844384,-0.5000000000000004,19.660308123653465,345432606.2909619,19.546006497769557,19.65572716565243,19.560764361504113,19.587499341642033,19.494911915806874
2021-09-01, Phường Tân Định,2021,9,3,-1.0,-1.8369701987210297e-16,19.51559080150457,298891383.10762537,19.660308123653465,19.546006497769557,19.65572716565243,19.62068059569182,19.561094666802592
2021-10-01, Phường Tân Định,2021,10,4,-0.8660254037844386,0.5000000000000001,19.498291531332946,293765247.34440327,19.51559080150457,19.660308123653465,19.546006497769557,19.573968474309197,19.55831209835436
2021-11-01, Phường Tân Định,2021,11,4,-0.5000000000000004,0.8660254037844384,19.459541838160874,282599662.69098824,19.498291531332946,19.51559080150457,19.660308123653465,19.558063485496994,19.572781413569512
2021-12-01, Phường Tân Định,2021,12,4,-2.4492935982947064e-16,1.0,19.668392804651795,348236638.3064128,19.459541838160874,19.498291531332946,19.51559080150457,19.491141390332796,19.555910993012308
2022-01-01, Phường Tân Định,2022,1,1,0.49999999999999994,0.8660254037844387,19.48788728731969,290724686.8127747,19.668392804651795,19.459541838160874,19.498291531332946,19.54207539138187,19.558021932845534
2022-02-01, Phường Tân Định,2022,2,1,0.8660254037844386,0.5000000000000001,19.68548953703153,354241532.70204395,19.48788728731969,19.668392804651795,19.459541838160874,19.538607310044117,19.548335397770558
2022-03-01, Phường Tân Định,2022,3,1,1.0,6.123233995736766e-17,19.58046384262241,318924144.0377804,19.68548953703153,19.48788728731969,19.668392804651795,19.61392320966767,19.552532300000234
2022-04-01, Phường Tân Định,2022,4,2,0.8660254037844387,-0.4999999999999998,19.67036994505229,348925832.12688184,19.58046384262241,19.68548953703153,19.48788728731969,19.584613555657878,19.563344473519873
2022-05-01, Phường Tân Định,2022,5,2,0.49999999999999994,-0.8660254037844387,19.61629701582942,330559427.77095515,19.67036994505229,19.58046384262241,19.68548953703153,19.645441108235406,19.592024209139765
2022-06-01, Phường Tân Định,2022,6,2,1.2246467991473532e-16,-1.0,19.492326228441293,292018065.0758029,19.61629701582942,19.67036994505229,19.58046384262241,19.62237693450137,19.61815007208452
2022-07-01, Phường Tân Định,2022,7,3,-0.4999999999999997,-0.8660254037844388,19.56506782609565,314051587.85551006,19.492326228441293,19.61629701582942,19.67036994505229,19.592997729774336,19.588805642716107
2022-08-01, Phường Tân Định,2022,8,3,-0.8660254037844384,-0.5000000000000004,19.668125590827668,348143597.0938261,19.56506782609565,19.492326228441293,19.61629701582942,19.557897023455457,19.60166906584543
2022-09-01, Phường Tân Định,2022,9,3,-1.0,-1.8369701987210297e-16,19.558909316122637,312123441.3623106,19.668125590827668,19.56506782609565,19.492326228441293,19.575173215121538,19.598775074811453
2022-10-01, Phường Tân Định,2022,10,4,-0.8660254037844386,0.5000000000000001,19.58683185227673,320961536.2540826,19.558909316122637,19.668125590827668,19.56506782609565,19.597367577681982,19.59518265372816
2022-11-01, Phường Tân Định,2022,11,4,-0.5000000000000004,0.8660254037844384,19.528654754260543,302821702.8869456,19.58683185227673,19.558909316122637,19.668125590827668,19.60462225307568,19.581259638265568
2022-12-01, Phường Tân Định,2022,12,4,-2.4492935982947064e-16,1.0,19.677335745358867,351364864.84738934,19.528654754260543,19.58683185227673,19.558909316122637,19.55813197421997,19.566652594670753
2023-01-01, Phường Tân Định,2023,1,1,0.49999999999999994,0.8660254037844387,19.622562426770664,332637020.1212447,19.677335745358867,19.528654754260543,19.58683185227673,19.597607450632044,19.597487514157013
2023-02-01, Phường Tân Định,2023,2,1,0.8660254037844386,0.5000000000000001,19.63103529340645,335467382.9502192,19.622562426770664,19.677335745358867,19.528654754260543,19.609517642130026,19.607069947602852
2023-03-01, Phường Tân Định,2023,3,1,1.0,6.123233995736766e-17,19.443741090174317,278169468.9822231,19.63103529340645,19.622562426770664,19.677335745358867,19.643644488511992,19.600888231365982
2023-04-01, Phường Tân Định,2023,4,2,0.8660254037844387,-0.4999999999999998,19.709706062561846,362924746.1321235,19.443741090174317,19.63103529340645,19.622562426770664,19.565779603450476,19.581693527041264
2023-05-01, Phường Tân Định,2023,5,2,0.49999999999999994,-0.8660254037844387,19.660496239867786,345497593.87776625,19.709706062561846,19.443741090174317,19.63103529340645,19.59482748204754,19.602172562088782
2023-06-01, Phường Tân Định,2023,6,2,1.2246467991473532e-16,-1.0,19.62584644495451,333731201.8201505,19.660496239867786,19.709706062561846,19.443741090174317,19.60464779753465,19.62414614302332
2023-07-01, Phường Tân Định,2023,7,3,-0.4999999999999997,-0.8660254037844388,19.434399191913975,275582938.45776427,19.62584644495451,19.660496239867786,19.709706062561846,19.66534958246138,19.61556459295593
2023-08-01, Phường Tân Định,2023,8,3,-0.8660254037844384,-0.5000000000000004,19.381393229414964,261355792.2245587,19.434399191913975,19.62584644495451,19.660496239867786,19.57358062557876,19.58420405381315
2023-09-01, Phường Tân Định,2023,9,3,-1.0,-1.8369701987210297e-16,19.48767737641819,290663666.93606126,19.381393229414964,19.434399191913975,19.62584644495451,19.48054628876115,19.542597043147897
2023-10-01, Phường Tân Định,2023,10,4,-0.8660254037844386,0.5000000000000001,19.54493231507577,307791237.81521857,19.48767737641819,19.381393229414964,19.434399191913975,19.434489932582377,19.549919757521877
2023-11-01, Phường Tân Định,2023,11,4,-0.5000000000000004,0.8660254037844384,20.60712709371218,890351683.4552763,19.54493231507577,19.48767737641819,19.381393229414964,19.47133430696964,19.5224574662742
2023-12-01, Phường Tân Định,2023,12,4,-2.4492935982947064e-16,1.0,19.56954593714123,315461099.3635053,20.60712709371218,19.54493231507577,19.48767737641819,19.87991226173538,19.680229275248266
2024-01-01, Phường Tân Định,2024,1,1,0.49999999999999994,0.8660254037844387,19.479603718290456,288326395.71143574,19.56954593714123,20.60712709371218,19.54493231507577,19.907201781976394,19.670845857279385
2024-02-01, Phường Tân Định,2024,2,1,0.8660254037844386,0.5000000000000001,19.66395669382197,346695243.4065169,19.479603718290456,19.56954593714123,20.60712709371218,19.88542558304795,19.678379945008796
2024-03-01, Phường Tân Định,2024,3,1,1.0,6.123233995736766e-17,19.53854523859401,305831616.42020285,19.66395669382197,19.479603718290456,19.56954593714123,19.571035449751218,19.7254738557433
2024-04-01, Phường Tân Định,2024,4,2,0.8660254037844387,-0.4999999999999998,19.56797166403875,314964868.1425424,19.53854523859401,19.66395669382197,19.479603718290456,19.56070188356881,19.7339518327726
2024-05-01, Phường Tân Định,2024,5,2,0.49999999999999994,-0.8660254037844387,19.569069366159617,315310795.57530147,19.56797166403875,19.53854523859401,19.66395669382197,19.590157865484912,19.737791724266433
2024-06-01, Phường Tân Định,2024,6,2,1.2246467991473532e-16,-1.0,19.554442734604738,310732425.4190078,19.569069366159617,19.56797166403875,19.53854523859401,19.558528756264128,19.56478210300767
2024-07-01, Phường Tân Định,2024,7,3,-0.4999999999999997,-0.8660254037844388,19.56715749126639,314708536.68504274,19.554442734604738,19.569069366159617,19.56797166403875,19.563827921601035,19.562264902584925
2024-08-01, Phường Tân Định,2024,8,3,-0.8660254037844384,-0.5000000000000004,19.650381695250505,342020656.5003327,19.56715749126639,19.554442734604738,19.569069366159617,19.563556530676916,19.576857198080912
2024-09-01, Phường Tân Định,2024,9,3,-1.0,-1.8369701987210297e-16,19.220755024909483,222570623.99427852,19.650381695250505,19.56715749126639,19.554442734604738,19.59066064037388,19.574594698319
2024-10-01, Phường Tân Định,2024,10,4,-0.8660254037844386,0.5000000000000001,19.600200816207142,325281270.3147458,19.220755024909483,19.650381695250505,19.56715749126639,19.479431403808793,19.521629662704914
2024-11-01, Phường Tân Định,2024,11,4,-0.5000000000000004,0.8660254037844384,19.69289663892597,356875177.6343332,19.600200816207142,19.220755024909483,19.650381695250505,19.49044584545571,19.52700118806631
2024-12-01, Phường Tân Định,2024,12,4,-2.4492935982947064e-16,1.0,19.56699303309144,314656784.5489411,19.69289663892597,19.600200816207142,19.220755024909483,19.504617493347535,19.547639066860707
2025-01-01, Phường Tân Định,2025,1,1,0.49999999999999994,0.8660254037844387,19.40184218468257,266755263.77304775,19.56699303309144,19.69289663892597,19.600200816207142,19.620030162741518,19.549730783275155
2025-02-01, Phường Tân Định,2025,2,1,0.8660254037844386,0.5000000000000001,20.124301394239975,549380255.3551915,19.40184218468257,19.56699303309144,19.69289663892597,19.553910618899994,19.52217823217785
2025-03-01, Phường Tân Định,2025,3,1,1.0,6.123233995736766e-17,19.782041312772954,390149793.8770962,20.124301394239975,19.40184218468257,19.56699303309144,19.697712204004663,19.601164848676095
2025-04-01, Phường Tân Định,2025,4,2,0.8660254037844387,-0.4999999999999998,19.713293382454626,364229011.3065945,19.782041312772954,20.124301394239975,19.40184218468257,19.769394963898502,19.69471256332001
2025-05-01, Phường Tân Định,2025,5,2,0.49999999999999994,-0.8660254037844387,19.82823195984413,408593755.4339039,19.713293382454626,19.782041312772954,20.124301394239975,19.87321202982252,19.713561324361255
2025-06-01, Phường Tân Định,2025,6,2,1.2246467991473532e-16,-1.0,19.90475980280744,441090135.1139951,19.82823195984413,19.713293382454626,19.782041312772954,19.774522218357237,19.73611721118095
2025-07-01, Phường Tân Định,2025,7,3,-0.4999999999999997,-0.8660254037844388,19.93222593547232,453373085.7184573,19.90475980280744,19.82823195984413,19.713293382454626,19.815428381702063,19.79241167280028
2025-08-01, Phường Tân Định,2025,8,3,-0.8660254037844384,-0.5000000000000004,20.07965598253813,525392405.6180718,19.93222593547232,19.90475980280744,19.82823195984413,19.88840589937463,19.880808964598575
2021-07-01, Phường Đa Kao,2021,7,3,-0.4999999999999997,-0.8660254037844388,19.77886656868167,388913132.20196,19.799222188663617,19.671948962192296,19.610079631524496,19.69375026079347,19.64721471933794
2021-08-01, Phường Đa Kao,2021,8,3,-0.8660254037844384,-0.5000000000000004,20.401324565633086,724740751.1526444,19.77886656868167,19.799222188663617,19.671948962192296,19.750012573179195,19.656110451065057
2021-09-01, Phường Đa Kao,2021,9,3,-1.0,-1.8369701987210297e-16,19.655064679209815,343626089.92868114,20.401324565633086,19.77886656868167,19.799222188663617,19.993137774326126,19.825875475715467
2021-10-01, Phường Đa Kao,2021,10,4,-0.8660254037844386,0.5000000000000001,19.697859233093066,358650606.0358477,19.655064679209815,20.401324565633086,19.77886656868167,19.945085271174857,19.819417765984166
2021-11-01, Phường Đa Kao,2021,11,4,-0.5000000000000004,0.8660254037844384,19.886144811153773,432955196.7239689,19.697859233093066,19.655064679209815,20.401324565633086,19.918082825978654,19.834047699578925
2021-12-01, Phường Đa Kao,2021,12,4,-2.4492935982947064e-16,1.0,19.826158583385617,407747464.40134656,19.886144811153773,19.697859233093066,19.655064679209815,19.746356241152217,19.869747007739168
2022-01-01, Phường Đa Kao,2022,1,1,0.49999999999999994,0.8660254037844387,19.53364620221814,304337000.2802894,19.826158583385617,19.886144811153773,19.697859233093066,19.803387542544154,19.874236406859506
2022-02-01, Phường Đa Kao,2022,2,1,0.8660254037844386,0.5000000000000001,20.004650875511174,487426892.697755,19.53364620221814,19.826158583385617,19.886144811153773,19.748649865585843,19.83336634578225
2022-03-01, Phường Đa Kao,2022,3,1,1.0,6.123233995736766e-17,19.409666182937173,268850542.5392218,20.004650875511174,19.53364620221814,19.826158583385617,19.78815188703831,19.767254064095265
2022-04-01, Phường Đa Kao,2022,4,2,0.8660254037844387,-0.4999999999999998,19.806922419593313,399978925.36356527,19.409666182937173,20.004650875511174,19.53364620221814,19.64932108688883,19.726354314716488
2022-05-01, Phường Đa Kao,2022,5,2,0.49999999999999994,-0.8660254037844387,19.86106723901402,422232740.0367644,19.806922419593313,19.409666182937173,20.004650875511174,19.740413159347224,19.744531512466533
2022-06-01, Phường Đa Kao,2022,6,2,1.2246467991473532e-16,-1.0,19.693370164560914,357044207.1966491,19.86106723901402,19.806922419593313,19.409666182937173,19.692551947181503,19.74035191710991
2022-07-01, Phường Đa Kao,2022,7,3,-0.4999999999999997,-0.8660254037844388,19.59594032388151,323898359.98591816,19.693370164560914,19.86106723901402,19.806922419593313,19.787119941056083,19.718220513972458
2022-08-01, Phường Đa Kao,2022,8,3,-0.8660254037844384,-0.5000000000000004,19.740170706580496,374151256.92803377,19.59594032388151,19.693370164560914,19.86106723901402,19.716792575818815,19.728602867583017
2022-09-01, Phường Đa Kao,2022,9,3,-1.0,-1.8369701987210297e-16,19.700284098168368,359521340.64740205,19.740170706580496,19.59594032388151,19.693370164560914,19.67649373167431,19.684522839427903
2022-10-01, Phường Đa Kao,2022,10,4,-0.8660254037844386,0.5000000000000001,19.63940492730179,338286904.8616696,19.700284098168368,19.740170706580496,19.59594032388151,19.678798376210125,19.732959158633104
2022-11-01, Phường Đa Kao,2022,11,4,-0.5000000000000004,0.8660254037844384,19.693423899338317,357063393.40317774,19.63940492730179,19.700284098168368,19.740170706580496,19.693286577350218,19.705039576584515
2022-12-01, Phường Đa Kao,2022,12,4,-2.4492935982947064e-16,1.0,19.983623584712653,477284631.49354136,19.693423899338317,19.63940492730179,19.700284098168368,19.677704308269494,19.6770990199719
2023-01-01, Phường Đa Kao,2023,1,1,0.49999999999999994,0.8660254037844387,19.822627295325553,406310129.9598595,19.983623584712653,19.693423899338317,19.63940492730179,19.772150803784253,19.725474589997187
2023-02-01, Phường Đa Kao,2023,2,1,0.8660254037844386,0.5000000000000001,20.013472090736993,491745610.39845407,19.822627295325553,19.983623584712653,19.693423899338317,19.83322492645884,19.763255751904527
2023-03-01, Phường Đa Kao,2023,3,1,1.0,6.123233995736766e-17,19.46852349136187,285149307.7387967,20.013472090736993,19.822627295325553,19.983623584712653,19.93990765692507,19.808805982597278
2023-04-01, Phường Đa Kao,2023,4,2,0.8660254037844387,-0.4999999999999998,19.853620829486253,419100299.3233764,19.46852349136187,20.013472090736993,19.822627295325553,19.768207625808138,19.770179214796197
2023-05-01, Phường Đa Kao,2023,5,2,0.49999999999999994,-0.8660254037844387,19.72205517035299,367434330.3157935,19.853620829486253,19.46852349136187,20.013472090736993,19.778538803861704,19.805881865160273
2023-06-01, Phường Đa Kao,2023,6,2,1.2246467991473532e-16,-1.0,19.67912576985595,351994379.8201909,19.72205517035299,19.853620829486253,19.46852349136187,19.68139983040037,19.810653743662723
2023-07-01, Phường Đa Kao,2023,7,3,-0.4999999999999997,-0.8660254037844388,19.778641880002247,388825757.64005584,19.67912576985595,19.72205517035299,19.853620829486253,19.7516005898984,19.75990410785327
2023-08-01, Phường Đa Kao,2023,8,3,-0.8660254037844384,-0.5000000000000004,19.45149123963853,280333699.6738003,19.778641880002247,19.67912576985595,19.72205517035299,19.726607606737062,19.752573205299385
2023-09-01, Phường Đa Kao,2023,9,3,-1.0,-1.8369701987210297e-16,19.48289485214835,289276879.704868,19.45149123963853,19.778641880002247,19.67912576985595,19.636419629832243,19.658909730116306
2023-10-01, Phường Đa Kao,2023,10,4,-0.8660254037844386,0.5000000000000001,19.850892319977028,417958338.8021639,19.48289485214835,19.45149123963853,19.778641880002247,19.571009323929704,19.66130495691405
2023-11-01, Phường Đa Kao,2023,11,4,-0.5000000000000004,0.8660254037844384,19.656879178156366,344250165.12935084,19.850892319977028,19.48289485214835,19.45149123963853,19.595092803921304,19.660850205329183
2023-12-01, Phường Đa Kao,2023,12,4,-2.4492935982947064e-16,1.0,19.712579034958274,363968918.1330687,19.656879178156366,19.850892319977028,19.48289485214835,19.663555450093913,19.649987539963078
2024-01-01, Phường Đa Kao,2024,1,1,0.49999999999999994,0.8660254037844387,19.778571768546687,388798497.4557948,19.712579034958274,19.656879178156366,19.850892319977028,19.740116844363893,19.6555630841468
2024-02-01, Phường Đa Kao,2024,2,1,0.8660254037844386,0.5000000000000001,19.78822387912629,392569392.82995,19.778571768546687,19.712579034958274,19.656879178156366,19.71600999388711,19.655551398904205
2024-03-01, Phường Đa Kao,2024,3,1,1.0,6.123233995736766e-17,19.8878199016518,433681043.6216442,19.78822387912629,19.778571768546687,19.712579034958274,19.759791560877087,19.711673505485496
2024-04-01, Phường Đa Kao,2024,4,2,0.8660254037844387,-0.4999999999999998,19.710145219341456,363084161.9970315,19.8878199016518,19.78822387912629,19.778571768546687,19.818205183108258,19.779161013736072
2024-05-01, Phường Đa Kao,2024,5,2,0.49999999999999994,-0.8660254037844387,20.056308577370302,513267944.33367455,19.710145219341456,19.8878199016518,19.78822387912629,19.79539633337318,19.755703163630145
2024-06-01, Phường Đa Kao,2024,6,2,1.2246467991473532e-16,-1.0,20.203230426158616,594499494.9019682,20.056308577370302,19.710145219341456,19.8878199016518,19.884757899454517,19.822274730165798
2024-07-01, Phường Đa Kao,2024,7,3,-0.4999999999999997,-0.8660254037844388,20.27977311187463,641790901.7000412,20.203230426158616,20.056308577370302,19.710145219341456,19.98989474095679,19.904049962032527
2024-08-01, Phường Đa Kao,2024,8,3,-0.8660254037844384,-0.5000000000000004,19.976982842024164,474125607.8009898,20.27977311187463,20.203230426158616,20.056308577370302,20.179770705134516,19.98758351925385
2024-09-01, Phường Đa Kao,2024,9,3,-1.0,-1.8369701987210297e-16,20.060252118333132,515296033.7996258,19.976982842024164,20.27977311187463,20.203230426158616,20.15332879335247,20.019043346403496
2024-10-01, Phường Đa Kao,2024,10,4,-0.8660254037844386,0.5000000000000001,19.881494128013447,430946334.1977192,20.060252118333132,19.976982842024164,20.27977311187463,20.10566935741064,20.047782049183716
2024-11-01, Phường Đa Kao,2024,11,4,-0.5000000000000004,0.8660254037844384,19.748073337131306,377119750.0930417,19.881494128013447,20.060252118333132,19.976982842024164,19.97290969612358,20.076340200629048
2024-12-01, Phường Đa Kao,2024,12,4,-2.4492935982947064e-16,1.0,19.970881001811367,471241377.60011095,19.748073337131306,19.881494128013447,20.060252118333132,19.896606527825963,20.024967660589216
2025-01-01, Phường Đa Kao,2025,1,1,0.49999999999999994,0.8660254037844387,17.974393656948944,64000000.0,19.970881001811367,19.748073337131306,19.881494128013447,19.866816155652042,19.98624275653134
2025-02-01, Phường Đa Kao,2025,2,1,0.8660254037844386,0.5000000000000001,19.985086629043202,477983431.131946,17.974393656948944,19.970881001811367,19.748073337131306,19.23111599863054,19.60201284737706
2025-03-01, Phường Đa Kao,2025,3,1,1.0,6.123233995736766e-17,20.041623551158057,505785664.3040462,19.985086629043202,17.974393656948944,19.970881001811367,19.310120429267837,19.6033634785469
2025-04-01, Phường Đa Kao,2025,4,2,0.8660254037844387,-0.4999999999999998,19.750870893832722,378176241.0876435,20.041623551158057,19.985086629043202,17.974393656948944,19.333701279050064,19.600258717351053
2025-05-01, Phường Đa Kao,2025,5,2,0.49999999999999994,-0.8660254037844387,19.948102101480014,460628352.6257505,19.750870893832722,20.041623551158057,19.985086629043202,19.925860358011327,19.57848817832093
2025-06-01, Phường Đa Kao,2025,6,2,1.2246467991473532e-16,-1.0,19.981557500289117,476299539.14115816,19.948102101480014,19.750870893832722,20.041623551158057,19.91353218215693,19.611826305712384
2025-07-01, Phường Đa Kao,2025,7,3,-0.4999999999999997,-0.8660254037844388,20.060159794536663,515248461.9094303,19.981557500289117,19.948102101480014,19.750870893832722,19.89351016520062,19.613605722125342
2025-08-01, Phường Đa Kao,2025,8,3,-0.8660254037844384,-0.5000000000000004,20.000243613450195,485283401.5748011,20.060159794536663,19.981557500289117,19.948102101480014,19.996606465435264,19.961233411723295
